id,sku,name,currentCategory,suggestedCategory,confidence,stockCN1,changed
6d6ea70f-a1b8-4ed9-81c9-f07f6350cc8b,PT-1764402283924,Ắc nồi trước K2C,Hàng Công Ty,Truyền động - Nồi - Dây curoa,high,2,yes
bdd7d9ed-4754-43ca-962a-f06c722467f2,PT-1764402200312,Ắc nồi trước K44,Hàng Công Ty,Truyền động - Nồi - Dây curoa,high,1,yes
dc9a59d4-a106-4ade-9f14-a4b32cd93108,PT-1764402262613,Ắc nồi trước KWN,Hàng Công Ty,Truyền động - Nồi - Dây curoa,high,5,yes
c1a78e5a-7a4b-4bdf-a290-834a78908569,PT-1764399765449,Ắc quy GT5A MF (12V-5Ah),Ắc quy GS,Điện - Đèn - Còi,high,8,yes
8d4eccaa-f1c5-4a1d-87f8-36b61496cb6a,PT-1764399818130,Ắc quy GTZ5S-E (12V-3.5Ah),Ắc quy GS,Điện - Đèn - Còi,high,12,yes
43562a74-8b49-4402-8d4b-7fd92ffb6950,PT-1764399682029,Ắc quy GTZ6V (12V-5Ah),Ắc quy GS,Điện - Đèn - Còi,high,9,yes
7d56a617-dd33-4547-a008-d28a36a77c81,PT-1764473784506,Ắc quy xe điện 12v15Ah - TNE,Phụ tùng xe điện,Điện - Đèn - Còi,high,0,yes
0d7917e6-de66-4578-9002-12cf75c41c27,PT-1765952132265,Aptomat/CB X-TIGER (cầu dao),Phụ tùng xe điện,Điện - Đèn - Còi,high,2,yes
259e5769-f945-41e7-8e64-ce4de6e3d9bb,PT-1764422432202,Bạc gắp,Hàng Công Ty,Khung sườn - Phuộc - Chân chống,medium,2,yes
454bb062-86e4-4622-a77f-4f22c5f620e4,14502-086-000,Bánh căng xích cam,Honda,Truyền động - Nồi - Dây curoa,high,4,yes
a3001a30-42eb-4465-9320-571d9551d8d4,14610-086-010,Bánh dẫn xích cam,Honda,Truyền động - Nồi - Dây curoa,high,14,yes
9154a610-80bd-408f-a1e7-677e392951f3,14670-KYZ-900,Bánh dẫn xích cam,Honda,Truyền động - Nồi - Dây curoa,high,3,yes
93895968-dcf4-4e09-b6c6-2767227ebb62,14610-KWB-600,Bánh dẫn xích cam 23 răng,Honda,Truyền động - Nồi - Dây curoa,high,2,yes
87d3ca18-47bd-497d-8ff0-3330e72b23e9,PT-1764419690107,Bánh lòng 70,Hàng Công Ty,Khung sườn - Phuộc - Chân chống,medium,12,yes
a6569d09-080b-49f0-9824-6f773febb05b,PT-1764419702651,Bánh lòng 90,Hàng Công Ty,Khung sườn - Phuộc - Chân chống,medium,2,yes
605e9582-fbf8-4255-9160-38698d739fb6,PT-1764419764355,Bánh răng bơm nhớt,Hàng Công Ty,Dầu nhớt - Dung dịch,high,5,yes
07fc1108-5c5a-4eec-8429-e16d7412c8ce,PT-1764419716718,Bánh tăng,Hàng Công Ty,Khác - Cần rà soát,low,8,yes
cacebce5-8908-42c0-bcd9-35a9388e318a,PT-1764421180020,Bảo vệ lốc Future Led phải,Hàng Công Ty,Điện - Đèn - Còi,high,0,yes
ecb9a646-a77c-4662-a8a0-37b7a7355ea1,PT-1764420750986,Bát cần thắng,Hàng Công Ty,Phanh - Thắng,high,8,yes
a6ca1601-ca15-4d9f-84f2-67ff6a7f69ba,22F-F341E-01,Bát phuốc,Yamaha,Khung sườn - Phuộc - Chân chống,medium,9,yes
f82ace3b-85b1-4d1c-9959-0fa368df42e5,PT-1767521014674,Bát tăng sên Fu leb,Hàng Công Ty,Truyền động - Nồi - Dây curoa,high,1,yes
6323e72d-4f80-4b28-96a8-f11c05d5b4dd,PT-1764411121625,Bát tăng sên Wave/Dream,Hàng Công Ty,Truyền động - Nồi - Dây curoa,high,11,yes
50b9e28a-002d-46e7-bee9-ba4cabee52fc,PT-1764419565063,Bi đề Cos 1,Hàng Công Ty,Động cơ - Ron - Phớt - Bạc đạn,medium,2,yes
75d0c222-012b-4417-9008-8d41421c1703,PT-1764419594618,Bi đề Cos 4,Hàng Công Ty,Động cơ - Ron - Phớt - Bạc đạn,medium,3,yes
cc06a9da-f248-49d8-a82a-854050b5f424,PT-1764402032265,Bi nồi Pcx/AB125 - Bando,Hàng Công Ty,Truyền động - Nồi - Dây curoa,high,4,yes
8ca86fce-49bd-4613-b26b-aea7c0918f62,PT-1764402108807,Bi nồi Vision 110 K0J - Bando,Hàng Công Ty,Truyền động - Nồi - Dây curoa,high,2,yes
9e863795-68aa-4064-bf59-bfc8dbc54933,PT-1764402070091,Bi nồi Vison K44 - Bando,Hàng Công Ty,Truyền động - Nồi - Dây curoa,high,5,yes
fef03d79-e0c1-4ab6-90a2-57a6d9785c07,PT-1764413745054,Bình dầu Exiter,Hàng Công Ty,Nhiên liệu - Bình xăng - Bơm xăng,medium,0,yes
9d1fb430-3d2a-49d7-a28a-8d86520858b8,PT-1764489046627,Bình pin khởi động NL5A 12v6Ah - Cao,Hàng Công Ty,Điện - Đèn - Còi,high,5,yes
e58a0585-0a22-4e54-a30d-0dad3118f6b4,PT-1764489097479,Bình pin khởi động NL5S 12v6Ah - Lùn,Hàng Công Ty,Điện - Đèn - Còi,high,4,yes
1cbda4dc-0f90-4abf-b8f6-1e32025a7f3f,PT-1764489134470,Bình pin khởi động NL6V 12v6Ah - Lỡ,Hàng Công Ty,Điện - Đèn - Còi,high,7,yes
80430c64-eced-4ab2-b592-7eecf8ca08ee,PT-1764412973459,Bình xăng con hộp đỏ,Hàng Công Ty,Nhiên liệu - Bình xăng - Bơm xăng,medium,6,yes
9bab3683-9de3-404c-afc0-3bb514c7bf17,PT-1769504144834,Bộ áo Future X FI Xám đen,Honda,Điện - Đèn - Còi,high,0,yes
916f430b-5927-4e56-bbcb-eebd880e5bf2,PT-1764401115516,Bố ba càng SH mode/Pcx/AB125 - FCC,Hàng Công Ty,Nhựa - Dàn áo - Tem,medium,5,yes
96bd523c-012c-482d-a0d3-4a489fbdbe92,PT-1764400982809,Bố ba càng Vision K2C - Exedy,Hàng Công Ty,Nhựa - Dàn áo - Tem,medium,3,yes
6e965f0e-ac1c-4d9d-ae9e-08943e6a024b,PT-1764401065233,Bố ba càng Vision K44 - FCC,Hàng Công Ty,Nhựa - Dàn áo - Tem,medium,5,yes
e94df3f6-fb38-45d8-a1f5-bacd588cb081,PT-1764422589981,Bộ bạc thao giò gà Cup 81,Hàng Công Ty,Khung sườn - Phuộc - Chân chống,medium,0,yes
7c68e4dc-3feb-4fa6-9913-54bd87391582,5321A-GN5-900,Bộ bát phuốc,Honda,Khung sườn - Phuộc - Chân chống,medium,40,yes
9ef05d75-d051-4daf-8d36-c5763c1272d3,2TD-F3873-00,Bộ bát phuốc,Yamaha,Khung sườn - Phuộc - Chân chống,medium,1,yes
30c61198-489b-416e-90af-5fa01356026b,5BP-F3875-00,Bộ bát phuốc,Yamaha,Khung sườn - Phuộc - Chân chống,medium,0,yes
2cbe0a3e-ac19-4cd5-a11b-8a6776a5a952,1S9-F3411-00,Bộ bát phuốc,Yamaha,Khung sườn - Phuộc - Chân chống,medium,3,yes
23a734ca-c1d6-4da0-8ff4-6e5f33d7f5ac,5321AGN5900,Bộ bát phuốc 5321A-GN5-900,Honda,Khung sườn - Phuộc - Chân chống,medium,0,yes
7c9ccc36-7700-41e9-8b7f-246182885ba4,PT-1764402787324,Bộ bi nồi 16g - BEO,Hàng Công Ty,Truyền động - Nồi - Dây curoa,high,0,yes
c8f66869-d1fd-43bd-ac07-2938c1b62993,28300-K89-V00,Bộ cần khởi động,Honda,Khung sườn - Phuộc - Chân chống,medium,1,yes
a6441ddc-aa48-43fd-b189-581768e379e0,PT-1764402559756,Bộ cao su ba càng guốc văng ly hợp,Hàng Công Ty,Truyền động - Nồi - Dây curoa,high,8,yes
9aedfdb4-9e53-42fd-911e-0eee6423ff1f,PT-1764402624209,Bộ cao su lõi sắt ba càng guốc văng ly hợp,Hàng Công Ty,Truyền động - Nồi - Dây curoa,high,9,yes
4d46d474-fd62-425c-9869-2f6381d99cc9,PT-1764406474115,Bộ cầu chì tròn,Hàng Công Ty,Điện - Đèn - Còi,high,3,yes
73f12d45-4b7b-4fd4-84ae-45dc463c3865,5053A-KYZ-900,Bộ chân chống bên KYZ,Honda,Khung sườn - Phuộc - Chân chống,medium,2,yes
3bad95a5-722d-4325-bb28-0b99c4474e0a,PT-1765422728707,Bộ chén cổ Peguot Django,Hàng Công Ty,Khung sườn - Phuộc - Chân chống,medium,0,yes
b72f0322-1afb-4c5d-88d0-fdcbc7b947d8,PT-1770801879965,Bộ chén cổ xe điện vinfast,Hàng Công Ty,Khung sườn - Phuộc - Chân chống,medium,1,yes
89b34858-bd80-4106-9841-492243d45ccc,32800-43E00V000,Bộ chỉnh lưu,Suzuki,Điện - Đèn - Còi,high,0,yes
fa4e7a1c-38fe-4556-a92c-387e82faf664,31201-187-701,Bộ chổi than máy đề,Honda,Động cơ - Ron - Phớt - Bạc đạn,medium,25,yes
3dcd9acf-79c3-4392-a80d-f11787584b59,2BM-WH18E-00,Bộ chổi than và gioăng củ đề,Yamaha,Động cơ - Ron - Phớt - Bạc đạn,medium,3,yes
8a5f9480-e244-4d16-b6da-49067ebc62f3,35759-KTM-971,Bộ công tắc tiếp điểm báo số,Honda,Điện - Đèn - Còi,high,1,yes
64020892-ce45-40e0-82b5-3ebb8afebd3a,45450-KRS-900,Bộ dây phanh trước,Honda,Phanh - Thắng,high,4,yes
d8672dfe-0ef7-4366-852f-ce1b9e7d0124,45132-166-016SS,Bộ đệm cao su chốt trượt,Honda,Ốc vít - Cao su - Vật tư nhỏ,medium,10,yes
0b143aaa-aaa6-4e2f-a57b-1858e533cafc,33100-K73-V41,Bộ đèn pha trước,Honda,Điện - Đèn - Còi,high,1,yes
8b5349c7-61a3-496c-9082-c3f7773db20b,PT-1764478743942,Bố đĩa 133S,Phụ tùng xe điện,Phanh - Thắng,high,2,yes
557b436e-65bb-4c7a-93f9-e62ec604e586,PT-1764478891189,Bố đĩa Cap A,Phụ tùng xe điện,Phanh - Thắng,high,2,yes
fde6a826-a8b6-475e-8054-7d9652a6e10b,PT-1764478785514,Bố đĩa Gogo,Phụ tùng xe điện,Phanh - Thắng,high,2,yes
728d36ba-f872-4526-a951-93d2b7b5ca18,PT-1764478841264,Bố đĩa Ninja,Phụ tùng xe điện,Phanh - Thắng,high,2,yes
073af24f-64aa-48ef-9f6f-15e0d840ad12,PT-1764478811121,Bố đĩa Xmen,Phụ tùng xe điện,Phanh - Thắng,high,2,yes
c6d10980-dcd0-46f1-8e5a-fd8be322f80c,PT-1764478968397,Bố đĩa Xmen mới,Phụ tùng xe điện,Phanh - Thắng,high,2,yes
8f45f92f-ac07-4eef-b4b3-c406581670f3,PT-1764413539653,Bô e Cup,Hàng Công Ty,Nhựa - Dàn áo - Tem,medium,0,yes
056dee1b-6c4f-4695-806a-93d83cae6ae1,06451-GE2-405,Bộ gioăng bít tông ngàm phanh,Honda,Phanh - Thắng,high,2,yes
7cebace1-e862-41da-8d15-bd5f17929de5,06451-961-405,Bộ gioăng bít tông ngàm phanh,Honda,Phanh - Thắng,high,5,yes
0bd6bbc4-57a3-4d5f-bd13-b3b71274d290,88120-K03-M60,Bộ gương trái,Honda,Tay lái - Gương - Khóa - Dây điều khiển,high,2,yes
d6d85fca-2c4f-4581-8298-72b1e396c349,88120-KTM-970,Bộ gương trái,Honda,Tay lái - Gương - Khóa - Dây điều khiển,high,1,yes
cec204c6-ab7f-465f-b060-42e01cf1e9f6,PT-1765876874434,Bộ heo dầu xe đạp sau,Phụ tùng xe điện,Phanh - Thắng,high,0,yes
cef6b18f-2351-46e8-894c-6a066d355c4a,PT-1765876834981,Bộ heo dầu xe đạp trước,Phụ tùng xe điện,Phanh - Thắng,high,0,yes
e60f4c80-86a7-40ef-b510-9981ef45bc7c,PT-1764402858976,Bộ kẹp trượt 110 KVY - BEO,Hàng Công Ty,Ốc vít - Cao su - Vật tư nhỏ,medium,0,yes
dc52153e-6c0a-466f-85ac-360c59707ec9,PT-1764402499128,Bộ kẹp trượt 125,Hàng Công Ty,Ốc vít - Cao su - Vật tư nhỏ,medium,12,yes
e762d718-7c53-4cd1-a25b-4e29caf92470,PT-1764402896245,Bộ kẹp trượt 125 - 150 KWN - BEO,Hàng Công Ty,Ốc vít - Cao su - Vật tư nhỏ,medium,0,yes
fe158951-f563-498a-8a74-9e70eac0cb05,PT-1764402937309,Bộ kẹp trượt Yamaha - BEO,Hàng Công Ty,Ốc vít - Cao su - Vật tư nhỏ,medium,10,yes
7bf94ed9-3937-4955-8a12-aa9a3025f8b8,PT-1764400554848,Bộ lá bố nồi Future Neo - FCC,Hàng Công Ty,Truyền động - Nồi - Dây curoa,high,0,yes
16e64a5c-4e2b-456d-8e28-f06c986bd508,PT-1764401027311,Bộ lá sắt Winner - Exedy,Hàng Công Ty,Truyền động - Nồi - Dây curoa,high,1,yes
2656a62d-f735-42e8-9003-42207eabba65,5YP-E3440-0000,Bộ lọc dầu,Yamaha,Khác - Cần rà soát,low,2,yes
e8842ae2-73df-40a0-88c2-945451b8dea1,06430-K44-V80,Bộ má phanh,Honda,Phanh - Thắng,high,32,yes
5df27ce9-96cb-460f-bee5-397a746c15bf,06455-K20-911,Bộ má phanh,Honda,Phanh - Thắng,high,1,yes
2c0f10ff-afd6-4f94-a66f-8b946a615b11,06430-GCE-305,Bộ má phanh,Honda,Phanh - Thắng,high,38,yes
70cf0780-646a-4de2-9109-eed03d4a4295,06455-KWB-601,Bộ má phanh dầu,Honda,Phanh - Thắng,high,5,yes
94398236-929e-4405-995f-d6d2a1c540aa,06455-KVB-951,Bộ má phanh dầu trước,Honda,Phanh - Thắng,high,1,yes
955b0c64-6d3d-4f56-a9ae-57988440aece,06455-KPY-933,Bộ má phanh dầu trước,Honda,Phanh - Thắng,high,3,yes
f42c927b-849e-4bef-89ff-24cc7d023c4f,06455-KVB-T01,Bộ má phanh dầu trước,Honda,Phanh - Thắng,high,3,yes
a3b23f68-0b56-48e5-8741-41d40ab9a756,PT-1765952709228,Bộ má phanh trước xe điện,Phụ tùng xe điện,Phanh - Thắng,high,4,yes
30bd40b1-6ae2-4d8c-9582-94d7ee8f27db,64200-K03-M60ZA,Bộ mặt nạ trước NHB55P,Honda,Nhựa - Dàn áo - Tem,medium,1,yes
0370c2ca-64a2-4ad5-b4c4-e6b6506dbfc5,NHB35P,"Bộ nắp trước tay lái ""NHB35P""",Honda,Tay lái - Gương - Khóa - Dây điều khiển,high,0,yes
adeb6c97-ecdd-4f1f-b633-8300a21f5bd5,PT-1764475135253,Bộ nhông nhựa Km,Hàng Công Ty,Truyền động - Nồi - Dây curoa,high,5,yes
10eaecd8-a29f-44bb-8134-87183d30c2ef,PT-1777706063607,Bộ nhông sắt Km,Hàng Công Ty,Truyền động - Nồi - Dây curoa,high,2,yes
d464b14d-252d-4172-ba07-34a7702bb05c,H0640-KRS-900,Bộ nhông xích Wave alpha cũ,Honda,Truyền động - Nồi - Dây curoa,high,0,yes
3f313c41-b0b0-4696-b294-b53a90968c3c,PT-1774598812057,Bộ ổ khóa cup 81 mới,Hàng Công Ty,Tay lái - Gương - Khóa - Dây điều khiển,high,2,yes
07c85700-6ea8-4f9c-bf1d-87ae77faef4e,PT-1764421966883,Bộ ổ khoá Future 2 dây,Hàng Công Ty,Tay lái - Gương - Khóa - Dây điều khiển,high,3,yes
5f1b66e6-7104-47b3-828d-ca654a223363,PT-1764421896458,Bộ ổ khoá Future 4 dây,Hàng Công Ty,Tay lái - Gương - Khóa - Dây điều khiển,high,2,yes
928e6352-0651-4c4d-879f-4d79a352485e,PT-1764478484969,Bộ ổ khoá Vespa điện,Phụ tùng xe điện,Tay lái - Gương - Khóa - Dây điều khiển,high,1,yes
bca59943-2cde-41e7-987f-dd3c6818254a,PT-1764421834600,Bộ ổ khoá Wave Alpha 2017,Hàng Công Ty,Tay lái - Gương - Khóa - Dây điều khiển,high,2,yes
7f541395-d071-4dba-b47e-144108eea272,PT-1764478449505,Bộ Ổ khoá Xmen,Phụ tùng xe điện,Tay lái - Gương - Khóa - Dây điều khiển,high,2,yes
be014494-033f-4fa3-b205-a4a39911c53d,53280-KYZV-01ZA,Bộ ốp trên nắp trước,Honda,Nhựa - Dàn áo - Tem,medium,0,yes
057da4cb-0f96-4d26-a02f-95da6cc450ef,45133-MA3-006SS,Bộ phớt chắn bụi chốt trượt B,Honda,Động cơ - Ron - Phớt - Bạc đạn,medium,8,yes
6c8e0f5b-b9ec-4557-bd2e-2a2c7aa84878,PT-1764424701406,Bộ phót măm lửa,Hàng Công Ty,Động cơ - Ron - Phớt - Bạc đạn,medium,29,yes
2d1ee0ae-af33-4e6e-9fbb-16582071f584,PT-1764422570115,Bộ tán chén cổ,Hàng Công Ty,Khung sườn - Phuộc - Chân chống,medium,0,yes
e1e5ab5c-7061-4e6c-88ed-64a9dd3014a6,PT-1764478574832,Bộ tay ga kèm phanh 133,Phụ tùng xe điện,Phanh - Thắng,high,2,yes
89155705-7e53-4cab-b7ab-a58c0972f53d,PT-1764479165398,Bố thắng 133,Phụ tùng xe điện,Phanh - Thắng,high,1,yes
8a4d7a98-75a6-42f3-b4ae-fbf6c6b5ba7a,PT-1764473688063,Bố thắng chéo,Hàng Công Ty,Phanh - Thắng,high,17,yes
cca6bbee-b024-4463-97ed-c5a0ce39cd8a,PT-1764415363439,Bố thắng lỡ,Phụ tùng xe điện,Phanh - Thắng,high,6,yes
de07b02d-4994-4522-b15a-a57ed0b75f39,PT-1764415426697,Bố thắng nhỏ,Phụ tùng xe điện,Phanh - Thắng,high,1,yes
e23b3b8b-0d19-4f28-9ba9-0fd7487ff16f,54400-01041V000,Bố thắng sau FD110,Suzuki,Phanh - Thắng,high,0,yes
756689f0-9864-4252-abfc-f10c3b84cab1,PT-1764420391853,Bố thắng SYM,Hàng Công Ty,Phanh - Thắng,high,2,yes
7e9057a8-f169-46a6-b013-a8f4712b84c1,PT-1768292520340,Bố thắng xe điện 100cm,Phụ tùng xe điện,Phanh - Thắng,high,9,yes
722ad2d6-97bc-410d-9925-ff06f9c38a05,96140-620-1010SS,Bộ vòng bi 6201,Honda,Động cơ - Ron - Phớt - Bạc đạn,medium,7,yes
af4f5623-9e58-406d-ae48-dd133711757c,PT-1764415010592,Bo/Ic 36v-48v (350W),Phụ tùng xe điện,Điện - Đèn - Còi,high,0,yes
3f613848-0408-4232-bbd5-f37125b8cbc8,PT-1764415101886,Bo/Ic 48v-60v (350W-400W),Phụ tùng xe điện,Điện - Đèn - Còi,high,0,yes
7163bd0e-cbf4-43dc-bbcf-a70611d96a2b,PT-1764414515210,Bo/IC đúc đa năng 1200W,Phụ tùng xe điện,Điện - Đèn - Còi,high,1,yes
19e1fe45-83e3-4cd4-8b65-729720e360b9,PT-1764414492506,Bo/IC đúc đa năng 500W,Phụ tùng xe điện,Điện - Đèn - Còi,high,1,yes
2b5e49db-c277-419d-b110-f31a2d0fc096,2ND-F6240-0300,Bọc tay ga,Yamaha,Tay lái - Gương - Khóa - Dây điều khiển,high,0,yes
fd878ae3-0df4-4418-b3e8-6b9b1c4ba31d,PT-1764474895747,Bóng đèn 2 chân Osram,Hàng Công Ty,Điện - Đèn - Còi,high,1,yes
385d8d06-c1bc-43e6-b55e-9ce0e922a537,34906-GB6-921,Bóng đèn hậu (12v/18/5w),Honda,Điện - Đèn - Còi,high,6,yes
10f340af-c32d-469a-9e7b-b049e7bc33fd,PT-1764419377484,Bóng đèn lái,Hàng Công Ty,Điện - Đèn - Còi,high,32,yes
c169ddc5-d577-4a56-816b-f4826dafd370,PT-1764419447132,Bóng đèn mũi,Hàng Công Ty,Điện - Đèn - Còi,high,6,yes
28cb18eb-4a43-4215-918e-9be661aa0fa3,PT-1773214014667,Bóng đèn nhan,Hàng Công Ty,Điện - Đèn - Còi,high,9,yes
5299a12f-0de9-4114-bba7-295cfd462b6a,2JH-H4310-V0,Bóng đèn pha,Yamaha,Điện - Đèn - Còi,high,3,yes
6148279a-4852-4d7f-b02d-1fa748f793d6,PT-1773214097280,bóng đèn số Wave,Hàng Công Ty,Điện - Đèn - Còi,high,20,yes
a974d02d-ac9b-4cda-97c8-b53043d30eee,PT-1764419475568,Bóng mũi Cup,Hàng Công Ty,Điện - Đèn - Còi,high,2,yes
31e989fe-b70b-4132-84d1-ef3861f0ca6c,PT-1773214070362,bóng số Dream,Hàng Công Ty,Điện - Đèn - Còi,high,18,yes
9473c97a-3e08-4a2a-8c55-bcb26f62d241,31926-KWB-601,Bugi (U20EPR9S) (DENSO),Honda,Động cơ - Ron - Phớt - Bạc đạn,medium,0,yes
1352c65d-4173-4a3e-9a8c-e3eb56c81171,98056-56713,Bugi (U20FSU)(DENSO),Honda,Động cơ - Ron - Phớt - Bạc đạn,medium,19,yes
aeeac07b-d0c1-4176-b8ea-5f10086a6e22,09482-00568V000,Bugi C6HSA,Suzuki,Động cơ - Ron - Phớt - Bạc đạn,medium,2,yes
457de839-f6b3-4b58-9a3b-a8e7a95254aa,PT-1764420802532,Bugi Indo,Hàng Công Ty,Động cơ - Ron - Phớt - Bạc đạn,medium,1,yes
74180c19-6b61-44c0-ab34-9b892bde76b0,PT-1766386782467,bugi lỡ NGK,Hàng Công Ty,Động cơ - Ron - Phớt - Bạc đạn,medium,0,yes
499265a6-7ed2-4fa7-bb6c-4e9aaa894fe6,31927-KPH-901,Bugi U22EPR9,Honda,Động cơ - Ron - Phớt - Bạc đạn,medium,13,yes
8547caa6-b900-4870-b08d-718aec6fbd04,PT-1772174747992,Bugi vỉ đỏ indo,Hàng Công Ty,Động cơ - Ron - Phớt - Bạc đạn,medium,30,yes
8773a111-6463-40e4-84a9-34489bc8c033,PT-1764421079002,Bulong chuyển chân gương 8mm sang 10mm,Hàng Công Ty,Tay lái - Gương - Khóa - Dây điều khiển,high,2,yes
b32327fc-eb1e-4437-ae4a-6b41ab1fed8a,PT-1764422181150,Bulông xả dầu 12mm,Hàng Công Ty,Ốc vít - Cao su - Vật tư nhỏ,medium,8,yes
47a39292-613e-4b2b-97dd-5193040f5ee2,92800-12000,Bulông xả dầu 12mm,Honda,Ốc vít - Cao su - Vật tư nhỏ,medium,2,yes
621db28d-0c7c-4253-b3db-f59094e0bf26,PT-1764422195519,Bulông xả dầu 13mm,Hàng Công Ty,Ốc vít - Cao su - Vật tư nhỏ,medium,6,yes
8c4863da-d7c1-4d60-869b-cceb6c80847f,14500-KYZ-900,Cần căng xích cam,Honda,Truyền động - Nồi - Dây curoa,high,11,yes
3e8eeb15-e89f-4fbf-9e02-3d9ec2748693,PT-1764407975526,Cần đạp máy,Hàng Công Ty,Động cơ - Ron - Phớt - Bạc đạn,medium,6,yes
4663bf47-0fa6-4041-8ff0-75e1947ad399,PT-1764408201754,Cần đạp thắng Wave,Hàng Công Ty,Phanh - Thắng,high,2,yes
04b36903-8a3c-4e14-b227-ab2e74d4c55a,24701-KTM-880,Cần sang số,Honda,Tay lái - Gương - Khóa - Dây điều khiển,high,0,yes
2eb22536-86ca-4667-ab8a-bb845ae4c9a0,24701-KVR-V10,Cần sang số,Honda,Tay lái - Gương - Khóa - Dây điều khiển,high,2,yes
44aebd15-77a6-4dfe-82b9-d93551ee2d03,PT-1764407900889,Cần số Wave,Hàng Công Ty,Tay lái - Gương - Khóa - Dây điều khiển,high,5,yes
3d646d9b-9765-4f30-bb47-8b68f195c005,PT-1764400364107,Cánh quạt AB125KZR - FCC,Hàng Công Ty,Động cơ - Ron - Phớt - Bạc đạn,medium,4,yes
8c7f75be-97e8-4616-8e92-562ed275a8c5,PT-1764400708777,Cánh quạt Vision K0Z (K2C) - FCC,Hàng Công Ty,Động cơ - Ron - Phớt - Bạc đạn,medium,5,yes
5ea12b55-68a3-433b-a8f9-86ff404555ff,PT-1764500389238,Cánh quạt Vison K44 - FCC,Hàng Công Ty,Động cơ - Ron - Phớt - Bạc đạn,medium,4,yes
d8c65e2e-86a3-43ef-9b6e-c14c6bc1b9e3,64470-K03-N30ZD,Cánh yếm dưới phải NHB55P,Honda,Nhựa - Dàn áo - Tem,medium,1,yes
8fffff8d-92e3-47df-88f1-b083b315b2e2,64475-K03-N30ZD,Cánh yếm dưới trái NHB55P,Honda,Nhựa - Dàn áo - Tem,medium,1,yes
bfb7990f-6d44-4213-9ddf-99eb977fb4c8,06410-KFL-850,Cao giảm chấn bánh xe,Honda,Khung sườn - Phuộc - Chân chống,medium,15,yes
027e02b0-bbe7-48e6-8897-80b501276e30,2ND-F6241-0100,Cao su bọc tay nắm,Yamaha,Tay lái - Gương - Khóa - Dây điều khiển,high,0,yes
cd7bd734-1416-43e1-9d7c-fef42074ae89,50C-F5917-00,Cao su che bụi,Yamaha,Ốc vít - Cao su - Vật tư nhỏ,medium,1,yes
44511c6a-be25-45d5-a2d1-a8bed49afbbb,PT-1765696689552,Cao su chống ngang,Hàng Công Ty,Khung sườn - Phuộc - Chân chống,medium,11,yes
686b78f9-1a24-4431-8427-b2291c21eb58,PT-1765696621049,Cao su đạp thắng,Hàng Công Ty,Phanh - Thắng,high,0,yes
a2689a7f-7750-4243-ad16-6d313c959813,50661-KWB-600,Cao su để chân chính,Honda,Nhựa - Dàn áo - Tem,medium,7,yes
160df238-c7cb-41c3-b223-7cda7fb2bb42,50661-GN8-920,Cao su để chân chính,Honda,Nhựa - Dàn áo - Tem,medium,9,yes
4a6de052-2131-4401-90ce-830d31583571,PT-1764423397410,Cao su đùm Dream - Nitkam,Hàng Công Ty,Ốc vít - Cao su - Vật tư nhỏ,medium,14,yes
600baad2-9e58-486c-9498-1f2c37c1642d,PT-1764423329712,Cao su đùm RS - Nitkam,Hàng Công Ty,Ốc vít - Cao su - Vật tư nhỏ,medium,10,yes
2e39dbc5-8152-4a52-99d7-34d0b03d4d71,PT-1764423455510,Cao su đùm Yamaha - Nitkam,Hàng Công Ty,Ốc vít - Cao su - Vật tư nhỏ,medium,10,yes
fe8d5a2e-8175-4c26-ad27-3e11d94dde37,PT-1765951822919,Cao su gác chân sau Dream - Nitkam,Hàng Công Ty,Khung sườn - Phuộc - Chân chống,medium,4,yes
69e75870-2ead-4c9f-8359-91cfa4ef0bfc,PT-1764423645667,Cao su gác chân sau Sirius - Nitkam,Hàng Công Ty,Khung sườn - Phuộc - Chân chống,medium,5,yes
963dcf82-6c2d-46a6-885e-1973f4edd8bd,PT-1764423605926,Cao su gác chân sau Wave - Nitkam,Hàng Công Ty,Khung sườn - Phuộc - Chân chống,medium,6,yes
9bddb1fb-d3e6-48d3-a0bd-0d4a8751cd7b,PT-1764423543644,Cao su gác chân trước Sirius - Nitkam,Hàng Công Ty,Khung sườn - Phuộc - Chân chống,medium,8,yes
07f7846e-2c02-4d07-8f1b-9251107687c6,PT-1764423566628,Cao su gác chân trước Wave - Nitkam,Hàng Công Ty,Khung sườn - Phuộc - Chân chống,medium,10,yes
a4495d60-dbb0-4672-9598-e37d73bc8b2f,PT-1764473934283,Cặp bàn đạp xe điện,Phụ tùng xe điện,Xe điện,medium,11,yes
722769f6-df00-4cd8-9308-ba044af12620,PT-1764417417986,Cặp bao tay công tắc còi,Phụ tùng xe điện,Điện - Đèn - Còi,high,6,yes
3cf32df4-d816-4a5e-aaa2-1e5dacc9210d,PT-1764417449477,Cặp bao tay công tắc số,Phụ tùng xe điện,Điện - Đèn - Còi,high,4,yes
67b432db-9283-4257-83aa-9d9476ea13cf,PT-1764414001786,Cặp bao tay Dream,Hàng Công Ty,Tay lái - Gương - Khóa - Dây điều khiển,high,8,yes
e393de7c-3016-4dcd-b792-adc8f9c5ab95,PT-1764413945071,Cặp bao tay Wave,Hàng Công Ty,Tay lái - Gương - Khóa - Dây điều khiển,high,9,yes
49842bf1-5a62-4d7e-a087-e225f6fae7de,PT-1766205944982,Cặp bao tay xe điện báo pin/tốc độ - 24v-60v,Phụ tùng xe điện,Điện - Đèn - Còi,high,0,yes
527707b5-9b99-4792-8009-03752054412f,PT-1768293405404,Cặp bao tay xe điện không nút,Phụ tùng xe điện,Tay lái - Gương - Khóa - Dây điều khiển,high,2,yes
eaf71ca4-5bc1-4906-8d5c-5feb6182fb74,PT-1764410567749,Cặp bát tăng sên Exiter 150,Hàng Công Ty,Truyền động - Nồi - Dây curoa,high,2,yes
9e3b362a-3be3-40e5-a929-c821d5a28419,PT-1765856385665,Cặp gác chân lò xo,Hàng Công Ty,Khung sườn - Phuộc - Chân chống,medium,1,yes
35293d41-df6a-4bd2-8165-9143158c8c33,PT-1766897727425,Cặp gác chân nhôm,Phụ tùng xe điện,Khung sườn - Phuộc - Chân chống,medium,2,yes
86b966f9-8ae9-4988-a77b-8a9ec4735d19,PT-1764415715429,Cặp giò đạp dài nhôm,Phụ tùng xe điện,Xe điện,medium,6,yes
fc7ad1ca-e37e-4e9a-a45b-60ef2add408c,PT-1764415748578,Cặp giò đạp ngắn nhôm,Phụ tùng xe điện,Xe điện,medium,0,yes
5594a596-066b-4c4c-b548-354d9e65b056,PT-1766897598379,Cặp gương cúp 81,Hàng Công Ty,Tay lái - Gương - Khóa - Dây điều khiển,high,2,yes
5d250e56-e2e1-4c85-8368-7a694a4a50fb,PT-1773104719359,Cặp phuộc sau RS 100,Hàng Công Ty,Khung sườn - Phuộc - Chân chống,medium,2,yes
f167e8fa-cec4-4043-b344-4087200c14cb,52400-KVR-881,Cặp phuộc sau RSX,Honda,Khung sườn - Phuộc - Chân chống,medium,0,yes
2a2a434d-bcb7-4dab-b560-b2686e5d0c54,1FC-F2210-20,Cặp phuộc sau Sirius Fi,Yamaha,Khung sườn - Phuộc - Chân chống,medium,0,yes
ee5de91f-8428-4613-9c7c-5fefdbd7f145,PT-1768456645067,Cặp phuộc sau Wave,Hàng Công Ty,Khung sườn - Phuộc - Chân chống,medium,0,yes
30161ac1-34e1-43ec-9998-d754dece2328,PT-1770106485399,Cặp phuột trước SH mode 125 (2014),Honda,Khung sườn - Phuộc - Chân chống,medium,0,yes
fba0d48e-a2ed-4657-940d-f0425028ff02,PT-1764417572134,Cặp tay thắng 3 lỗ,Phụ tùng xe điện,Phanh - Thắng,high,10,yes
08cbc226-d271-4a1f-acb4-d629d17460b2,PT-1764406695383,Cầu chì 10A,Hàng Công Ty,Điện - Đèn - Còi,high,8,yes
eaddd916-dbf6-4a29-9d1c-eb5259758242,PT-1764406717671,Cầu chì 15A,Hàng Công Ty,Điện - Đèn - Còi,high,16,yes
afb9651f-dad2-46c0-8ea9-fc7e482ff537,PT-1764406633918,Cầu chì 7.5A,Hàng Công Ty,Điện - Đèn - Còi,high,99,yes
255a8645-7ecf-484d-951d-ac7783a6707c,PT-1764423289159,Cây chịu má đùm Wave,Hàng Công Ty,Khung sườn - Phuộc - Chân chống,medium,2,yes
b4c18a87-4e44-43a2-b691-089b1fa01db6,61100-K03-N30ZD,Chắn bùn trước NHB55P,Honda,Nhựa - Dàn áo - Tem,medium,1,yes
40b2d4ef-6a47-4a11-8430-68767d499686,50530-KWW-B20,Chân chống bên,Honda,Khung sườn - Phuộc - Chân chống,medium,6,yes
bd82ded2-ecbf-47ad-b093-9ec8f541277a,PT-1765951582137,Chân chống Dream,Hàng Công Ty,Khung sườn - Phuộc - Chân chống,medium,1,yes
fb25c204-d5ba-461c-8847-0b2c4f665c9b,PT-1765951551423,Chân chống RS,Hàng Công Ty,Khung sườn - Phuộc - Chân chống,medium,0,yes
467e6035-7baa-4710-80e3-cc60ec050242,PT-1764421008916,Chân kính Inox ngắn 10mm,Hàng Công Ty,Tay lái - Gương - Khóa - Dây điều khiển,high,0,yes
09917f6e-37dc-4295-94a7-10c7badf5081,PT-1764483326978,Chất tẩy rửa Carbon,Honda,Động cơ - Ron - Phớt - Bạc đạn,medium,10,yes
4f7bf683-908a-44ef-b269-01919d1a0132,PT-1764907664087,Chén bi AB110/Click - FCC,Hàng Công Ty,Truyền động - Nồi - Dây curoa,high,4,yes
0678f7ab-aa3a-4a34-b188-592c1a4d7213,PT-1764400196874,Chén bi AB125KZR - FCC,Hàng Công Ty,Truyền động - Nồi - Dây curoa,high,4,yes
9691ad65-1752-4bd1-b21b-290a92ea0723,PT-1764400807018,Chén bi Vision K44 - FCC,Hàng Công Ty,Truyền động - Nồi - Dây curoa,high,4,yes
a4846240-876c-4e7e-a6af-ac6623e09257,PT-1764422222772,Chén cổ Cup,Hàng Công Ty,Khung sườn - Phuộc - Chân chống,medium,0,yes
bb804e1d-d9c9-4a1b-acae-00a99047f8c1,PT-1764415816893,Chén cổ lớn,Phụ tùng xe điện,Khung sườn - Phuộc - Chân chống,medium,1,yes
7dd91bf1-57b1-4559-8008-a52c88148d9c,PT-1764416011542,Chén cổ nhỏ,Phụ tùng xe điện,Khung sườn - Phuộc - Chân chống,medium,0,yes
e9e85abd-46f0-44cc-b700-943a177877bf,PT-1772259372030,Chén cổ xe điện cỏ,Phụ tùng xe điện,Khung sườn - Phuộc - Chân chống,medium,7,yes
f926a35d-7104-4b51-bb27-7aae705acbf3,31201-KPW-901,Chổi than,Honda,Động cơ - Ron - Phớt - Bạc đạn,medium,7,yes
77a6b81e-52f8-447f-83aa-6c8af3e0a604,PT-1764408090870,Chống đứng Wave,Hàng Công Ty,Khung sườn - Phuộc - Chân chống,medium,0,yes
c1e229a1-580c-45f2-b5ef-b20ace18a15d,PT-1764408125731,Chống nghiên/ngang tăng đưa,Hàng Công Ty,Khác - Cần rà soát,low,1,yes
576bbbef-def3-4331-bf16-033aabce0314,PT-1764408039704,Chống nghiêng/ngang,Hàng Công Ty,Khung sườn - Phuộc - Chân chống,medium,0,yes
5a12085c-a55c-441c-a44d-29189a3e29a4,PT-1764405902130,Chớp kêu - Kamthai,Hàng Công Ty,Điện - Đèn - Còi,high,11,yes
b91c9afe-1630-40dc-a8c8-cfcec2314455,PT-1764405956446,Chớp nhan,Hàng Công Ty,Điện - Đèn - Còi,high,10,yes
98140260-2dfd-4c60-be4d-5fac61541345,PT-1764406280374,Chớp nhan 2 chân không kêu - Nam Trang,Hàng Công Ty,Điện - Đèn - Còi,high,4,yes
751fe29c-cabf-4421-8fd3-ebc1942ab30c,PT-1764407627797,Chui cái 3 dây,Hàng Công Ty,Điện - Đèn - Còi,high,15,yes
72cac538-48c3-4290-a194-503dbf7074f0,PT-1773103921767,Chui đèn 3 chân,Hàng Công Ty,Điện - Đèn - Còi,high,5,yes
efef503c-fd74-47ff-a303-d9f5588f7f1e,PT-1769669061415,Chui đèn mũi Dream,Hàng Công Ty,Điện - Đèn - Còi,high,11,yes
ce16a0e2-ef2b-4729-b809-5f2baedd2267,PT-1764407410381,Chui IC,Hàng Công Ty,Điện - Đèn - Còi,high,10,yes
4fcb59b7-1c26-4a37-b94b-561b7d145812,PT-1764417000177,Chui nguồn cái,Phụ tùng xe điện,Điện - Đèn - Còi,high,14,yes
7ebafcc4-3e2a-4aa7-b776-423163efab3a,PT-1764417069946,Chui nguồn đực có cầu chì,Phụ tùng xe điện,Điện - Đèn - Còi,high,4,yes
b91cd3e4-49fa-4f7e-9391-642b011b103b,PT-1764407382553,Chui rơ le 4 chân,Hàng Công Ty,Điện - Đèn - Còi,high,1,yes
37081598-9362-4274-9a99-b47b8f208e55,PT-1764417104546,Chui sạc 24v,Phụ tùng xe điện,Điện - Đèn - Còi,high,0,yes
e36815eb-52d2-4bae-bb75-ab9c91aa1a93,PT-1764417315975,Chui sạc có nắp,Phụ tùng xe điện,Điện - Đèn - Còi,high,14,yes
a5873e51-e471-41f9-9dfd-5a745b7e4c10,PT-1764907264958,Chuông côn Vision K44/K2C - Exedy,Hàng Công Ty,Truyền động - Nồi - Dây curoa,high,0,yes
574a5b5a-717c-4d1e-bf96-6bcfaac4567a,PT-1764400876315,Chuông gang Vision K44 - Minh Phong,Hàng Công Ty,Truyền động - Nồi - Dây curoa,high,4,yes
4e9805f8-590f-42a2-99b4-690a3a9c1d88,PT-1764400417100,Chuông PCX/AB/SH Mode - FCC,Hàng Công Ty,Truyền động - Nồi - Dây curoa,high,5,yes
05a713e7-2dc5-4278-a0ea-0943f57d69e2,PT-1764418074889,Chụp bugi,Hàng Công Ty,Động cơ - Ron - Phớt - Bạc đạn,medium,14,yes
ee4ef60f-b91d-4880-9cf6-d1db3090ba44,50C-F5937-00,Chụp che bụi bằng cao su,Yamaha,Ốc vít - Cao su - Vật tư nhỏ,medium,0,yes
b27ef21f-facf-4412-b3be-5cf8a09cad8c,PT-1764414875875,Chuyển nguồn 36v - 72 sang 12v,Phụ tùng xe điện,Xe điện,medium,4,yes
94320d9b-466d-4619-b645-648205956a03,PT-1764408259289,Co bô Wave/Dream,Hàng Công Ty,Khác - Cần rà soát,low,5,yes
d8c3aeb5-cdd8-482c-9ddd-0bd88abdcc6c,PT-1764414051251,Co e 110,Hàng Công Ty,Khác - Cần rà soát,low,8,yes
a768255b-b13d-44c3-b524-ce7a2d2f9eff,PT-1764422750796,Co xăng 100,Hàng Công Ty,Nhiên liệu - Bình xăng - Bơm xăng,medium,1,yes
b1deb74a-7ffd-46ac-972e-77a81c3e3723,38110-K73-V01,Còi xe,Honda,Điện - Đèn - Còi,high,10,yes
3f397184-fda3-469a-986a-8e574c816dca,PT-1764415189603,Còi xe 48v,Phụ tùng xe điện,Điện - Đèn - Còi,high,3,yes
7a824fe4-7a5d-4177-802e-5e51a5cea0ed,PT-1764403041946,Combo bạc đạn 6902 C3NSK và bạc đạn đũa INA - BEO,Hàng Công Ty,Động cơ - Ron - Phớt - Bạc đạn,medium,8,yes
1d954260-4383-45e8-a207-7ff53f4be302,PT-1764416703630,Con tăng ghi đông,Phụ tùng xe điện,Xe điện,medium,2,yes
596f1756-d4f5-4deb-8f1a-3a069f48af79,PT-1764404894788,Công tắc 3 chế độ Wave/Vision/Future,Hàng Công Ty,Điện - Đèn - Còi,high,7,yes
d00d4154-8404-4454-98ec-1e528a29a6ed,PT-1764407800675,Công tắc còi Dream,Hàng Công Ty,Điện - Đèn - Còi,high,3,yes
5a091a43-8d20-46a6-a93f-7b830b3b97de,PT-1764405100586,Công tắc còi RS,Hàng Công Ty,Điện - Đèn - Còi,high,7,yes
c2559af1-3456-44a2-a52c-30fcaf738a90,PT-1764405060652,Công tắc còi Wave 110,Hàng Công Ty,Điện - Đèn - Còi,high,0,yes
033755aa-f493-48f8-bf60-94773cdc71c8,PT-1764405025778,Công tắc Cos/Pha RS,Hàng Công Ty,Điện - Đèn - Còi,high,11,yes
95f6969a-6214-48d6-ade7-120ada59cba1,PT-1764405252670,Công tắc Cos/Pha Wave S110 - NTP,Hàng Công Ty,Điện - Đèn - Còi,high,1,yes
ebdca316-c24b-4a5f-8bce-07772ff24fa8,PT-1764405558581,Công tắc đánh thức Smartkey - NTP,Hàng Công Ty,Điện - Đèn - Còi,high,2,yes
59a37477-6c0b-41ee-aae9-53711f53052c,PT-1764405500328,Công tắc đề AB/Vision/Lead - NTP,Hàng Công Ty,Điện - Đèn - Còi,high,7,yes
ea510f25-fd9d-4033-b183-fe99378ca778,PT-1764406019860,Công tắc đề Dream,Hàng Công Ty,Điện - Đèn - Còi,high,2,yes
206f7e03-b40b-48aa-a169-0c3f38465f67,PT-1764405352248,Công tắc đề Future 1 - NTP,Hàng Công Ty,Điện - Đèn - Còi,high,9,yes
dbe29704-0a7e-41ae-a0c9-9ac238510a29,PT-1764405084677,Công tắc đề RS,Hàng Công Ty,Điện - Đèn - Còi,high,6,yes
5baa18dc-4712-435b-b720-a95bdb688bc8,PT-1764475534619,Công tắc đôi (On/off/Passing),Hàng Công Ty,Điện - Đèn - Còi,high,5,yes
61c81122-e1d6-4669-8ca7-0dd7061d39dd,PT-1764475558934,Công tắc đơn (On/off),Hàng Công Ty,Điện - Đèn - Còi,high,1,yes
313fd458-8caa-4c91-97d2-284bc16c6a9d,PT-1764405989373,Công tắc mở đèn Dream,Hàng Công Ty,Điện - Đèn - Còi,high,4,yes
f50fec50-eb54-4171-b572-60ea88a39fec,PT-1764405414546,Công tắc mở đèn Future Neo - NTP,Hàng Công Ty,Điện - Đèn - Còi,high,4,yes
8bf3c7ce-c2ce-4244-8d58-c3136f698288,PT-1764404760006,Công tắc mở đèn RS,Hàng Công Ty,Điện - Đèn - Còi,high,19,yes
a4872980-cb18-438c-8b81-8e74ee9ecb90,PT-1764405009341,Công tắc mở đèn RS,Hàng Công Ty,Điện - Đèn - Còi,high,1,yes
98eb1425-2ff3-4402-a079-88d00397d71d,PT-1764404971771,Công tắc nhan RS,Hàng Công Ty,Điện - Đèn - Còi,high,12,yes
6424f228-8549-430a-84c9-29736c7495d1,PT-1764407722579,Công tắc nhan Wave - NTP,Hàng Công Ty,Điện - Đèn - Còi,high,13,yes
d9d3be99-c936-4952-9b4b-450bfad39a55,PT-1764404953004,Công tắc nhan Wave S100,Hàng Công Ty,Điện - Đèn - Còi,high,2,yes
5241c0a3-a06d-4ae8-a532-dcf1e26c31c1,PT-1764423254928,Cốt chống đứng Dream,Hàng Công Ty,Khung sườn - Phuộc - Chân chống,medium,3,yes
0aeb0de6-5596-4ba8-b03a-37530fc18620,PT-1764423007496,Cốt đùm sau Exiter 135,Hàng Công Ty,Khung sườn - Phuộc - Chân chống,medium,5,yes
888d50e5-557c-4083-95b4-2e90049aad44,PT-1764422977661,Cốt đùm sau Future,Hàng Công Ty,Khung sườn - Phuộc - Chân chống,medium,4,yes
14322846-e744-4a34-956d-92c63d36a4cb,PT-1764423185898,Cốt đùm sau Wave,Hàng Công Ty,Khung sườn - Phuộc - Chân chống,medium,1,yes
c4b1549d-e681-49d3-8eb6-c623adf2a6eb,PT-1764422851596,Cốt đùm sau Yamaha,Hàng Công Ty,Khung sườn - Phuộc - Chân chống,medium,6,yes
dd0e1605-4f00-4708-9cf9-3c9771c8d66c,PT-1764423029447,Cốt đùm trước Dream,Hàng Công Ty,Khung sườn - Phuộc - Chân chống,medium,6,yes
9fe3f698-88b9-4893-b461-4540ea55e146,PT-1764422929745,Cốt đùm trước Yamaha,Hàng Công Ty,Khung sườn - Phuộc - Chân chống,medium,9,yes
441d2748-9683-4acd-baef-b7f7838260b9,PT-1764423154081,Cốt gắp Dream,Hàng Công Ty,Khung sườn - Phuộc - Chân chống,medium,7,yes
2d51bd80-6cde-4f84-9245-9bafbb91d1d4,PT-1764423102884,Cốt gắp Wave,Hàng Công Ty,Khung sườn - Phuộc - Chân chống,medium,6,yes
08e6c307-316c-43a1-90e7-9379ec07fb87,PT-1764420878515,Cốt má đùm,Hàng Công Ty,Khung sườn - Phuộc - Chân chống,medium,5,yes
805456af-102b-4b2b-bc6c-b4aa405d7387,PT-1764423225299,Cốt treo máy Cup,Hàng Công Ty,Động cơ - Ron - Phớt - Bạc đạn,medium,2,yes
d727ffc3-d6ed-40d3-a959-3cd5a0939952,PT-1764423072786,Cốt treo máy Dream,Hàng Công Ty,Động cơ - Ron - Phớt - Bạc đạn,medium,8,yes
1dc2f649-63d7-43fa-82e5-ee1d3a945a3d,PT-1764416829797,Cốt yên có khoá,Phụ tùng xe điện,Tay lái - Gương - Khóa - Dây điều khiển,high,4,yes
f2f62b75-088e-493e-900e-16e94730bd37,PT-1764416863381,Cốt yên không khoá,Phụ tùng xe điện,Tay lái - Gương - Khóa - Dây điều khiển,high,2,yes
3e3a98b3-80d2-4659-93ee-0e06edd9e612,PT-1764417662319,Củ đề Dream,Hàng Công Ty,Động cơ - Ron - Phớt - Bạc đạn,medium,3,yes
fe190906-5b28-465e-812f-d6144f6cbbcb,PT-1764413901255,Củ heo dầu dưới 2 bit,Hàng Công Ty,Phanh - Thắng,high,1,yes
1b940ac6-fc72-4cc9-a8b2-527d3b56c581,PT-1764422725431,Cục canh bánh sau Wave/Dream,Hàng Công Ty,Khung sườn - Phuộc - Chân chống,medium,1,yes
8ca126e2-c9ab-4370-a2cd-3abf745f4c67,PT-1764406151808,Cục kêu,Hàng Công Ty,Điện - Đèn - Còi,high,4,yes
714b37e6-445d-4ba6-894c-d37a5ec2eea7,PT-1764418146253,Cục kích Dream,Hàng Công Ty,Khác - Cần rà soát,low,0,yes
a433ba24-9d1f-4d39-a65d-3823ca617888,PT-1764418684258,Cục sạc giả zin,Hàng Công Ty,Điện - Đèn - Còi,high,10,yes
46275100-2de8-4387-83d2-160df7fa7769,PT-1764419131485,Cục tingtong,Hàng Công Ty,Điện - Đèn - Còi,high,24,yes
e7646090-1c8a-464a-a3bf-c0fd4dcd6814,PT-1764411056676,Cùi dĩa Dream,Hàng Công Ty,Truyền động - Nồi - Dây curoa,high,2,yes
7c738b3d-3da9-4626-8e7d-7ea2738c6033,PT-1764411037154,Cùi dĩa RS,Hàng Công Ty,Truyền động - Nồi - Dây curoa,high,1,yes
ba3c770f-e54a-4071-a71c-28cf0c4a62eb,PT-1764474779386,Cụm bên phải Wave 100,Hàng Công Ty,Tay lái - Gương - Khóa - Dây điều khiển,high,5,yes
2a98b4f6-2e5e-4125-af4e-a24cc8b71821,PT-1764400308546,Cụm búa ba càng Vision K44 - Exedy,Hàng Công Ty,Nhựa - Dàn áo - Tem,medium,0,yes
1d92dfd0-f5c8-4879-af33-8db3b8dc7d86,PT-1764474728862,Cụm công tắc bên trái Wave 100,Hàng Công Ty,Điện - Đèn - Còi,high,3,yes
f38f5dc5-87cc-411e-8530-ec4fedd63400,2ND-H3340-01,Cụm đèn xi nhan sau trái,Yamaha,Điện - Đèn - Còi,high,1,yes
7deb6f0e-f9d6-498d-bd6f-6115d398187b,PT-1764416890210,Cụm má thắng,Phụ tùng xe điện,Phanh - Thắng,high,0,yes
14ec88d4-358b-4c67-b0fe-713d079d34cd,31200-KPW-901,Cụm mô tơ đề,Honda,Điện - Đèn - Còi,high,4,yes
5e695991-6ad7-401b-a96d-deed9cdfb1c6,31210-KTL-780,Cụm mô tơ máy đề,Honda,Điện - Đèn - Còi,high,1,yes
f47bcf93-551f-4d09-b3df-f6aef41ed976,31210-K90-VC1,Cụm mô tơ máy đề,Honda,Điện - Đèn - Còi,high,0,yes
b3971917-e423-442a-8477-000400e7f6ed,PT-1764414086098,Cùm tay thắng Cup 81,Hàng Công Ty,Phanh - Thắng,high,4,yes
a8c99666-d6dd-48d5-9ef3-85075bc9bdc2,PT-1764414126082,Cùm tay thắng Wave,Hàng Công Ty,Phanh - Thắng,high,1,yes
316451d3-0c54-4a1d-a66d-16fe8a58d66b,31120-KRS-860,Cuộn dây máy phát điện,Honda,Điện - Đèn - Còi,high,1,yes
76bbc455-d704-4f50-a1de-631c3af37ba7,PT-1764418128626,Cuộn điện đèn,Hàng Công Ty,Điện - Đèn - Còi,high,3,yes
e2ac2962-be1b-4002-9e02-05fee72a640b,PT-1764417799819,Cuộn điện lửa 6 cục,Hàng Công Ty,Điện - Đèn - Còi,high,2,yes
408ef502-0c43-4cd7-bebe-27026b86462c,PT-1764418105469,Cuộn điện nổ,Hàng Công Ty,Điện - Đèn - Còi,high,6,yes
429fd0ab-957c-4ba3-9179-828ad7d6c075,PT-1764420784477,Cuốn ga Future Neo TQ,Hàng Công Ty,Tay lái - Gương - Khóa - Dây điều khiển,high,2,yes
f1e60183-2de7-4c1f-95e3-e6346d74873b,PT-1764407080013,Da bơm Honda,Hàng Công Ty,Nhiên liệu - Bình xăng - Bơm xăng,medium,5,yes
984c08e6-8e3b-44ea-a147-6a48bdad25e3,PT-1764407047395,Da bơm Yamaha,Hàng Công Ty,Nhiên liệu - Bình xăng - Bơm xăng,medium,4,yes
b6a72f9b-b76a-41ff-a991-0a97d69da2cb,PT-1764579687305,Da yên AB cũ,Hàng Công Ty,Nhựa - Dàn áo - Tem,medium,5,yes
6934bc9c-15f8-4892-b86b-f8113d81d8b4,PT-1764473592830,Da yên AB đỏ-đen,Hàng Công Ty,Điện - Đèn - Còi,high,1,yes
b6608834-f324-4e7d-8bac-16a7b733c7aa,PT-1764579662607,Da yên AB mới,Hàng Công Ty,Nhựa - Dàn áo - Tem,medium,1,yes
ffcb62a2-c667-45a1-af2f-71432e08d31d,PT-1764473463420,Da yên Cup,Hàng Công Ty,Nhựa - Dàn áo - Tem,medium,9,yes
cfa30aab-163f-4807-8175-bfefb1373227,PT-1764473552669,Da yên đa năng đại,Hàng Công Ty,Nhựa - Dàn áo - Tem,medium,14,yes
ab9c9b65-b952-476c-b48b-a41f0b09eb47,PT-1764579714454,Da yên đa năng số,Hàng Công Ty,Nhựa - Dàn áo - Tem,medium,13,yes
258d0d18-795b-4482-a432-bb00bd57d8c6,PT-1764473445656,Da yên Dream,Hàng Công Ty,Nhựa - Dàn áo - Tem,medium,10,yes
5be5f075-5d9c-4ab6-bfcb-57ba7a0a86dd,PT-1764473635622,Da yên Future 125,Hàng Công Ty,Nhựa - Dàn áo - Tem,medium,6,yes
41d80a65-b02a-4aa4-8b9c-54bb13bfccc0,PT-1769492567712,Da yên Future Neo,Hàng Công Ty,Nhựa - Dàn áo - Tem,medium,0,yes
4b9104c1-bad4-435d-9973-6ff9cce12b1f,PT-1764473493349,Da yên RS100,Hàng Công Ty,Nhựa - Dàn áo - Tem,medium,9,yes
6357ee16-a644-4a59-a475-100e2fb0a9ea,PT-1774750357106,da yên sau xe điện,Hàng Công Ty,Nhựa - Dàn áo - Tem,medium,9,yes
df3643f5-096c-4638-bd87-83902bd26cf6,PT-1764473568148,Da yên SH Mode,Hàng Công Ty,Nhựa - Dàn áo - Tem,medium,5,yes
401aaeb3-ebea-4b97-9e0d-b8c7e346287b,PT-1774750334217,Da yên trước xe điện,Chưa phân loại,Nhựa - Dàn áo - Tem,medium,7,yes
253ee1be-2ba0-489a-aeb9-9406a66f39b4,90305-K66-V01,Đai ốc 16mm,Honda,Ốc vít - Cao su - Vật tư nhỏ,medium,1,yes
a148c530-c591-4494-98a6-f247cf2c564c,PT-1764416308123,Đầu đèn có nhan,Phụ tùng xe điện,Điện - Đèn - Còi,high,2,yes
f03d69f2-404b-405c-b9b3-f97c08f2b4dc,PT-1772175258574,Đầu đèn có nhan cá mập,Hàng Công Ty,Điện - Đèn - Còi,high,2,yes
4e54d90c-b9d4-44c6-adf0-23602294eeae,PT-1766897477887,Đầu đèn xe điện báo Pin màu đen,Phụ tùng xe điện,Điện - Đèn - Còi,high,4,yes
698c8c9c-e5eb-4839-94cb-27627c6137fc,PT-1766897449598,Đầu đèn xe điện báo Pin màu đỏ,Phụ tùng xe điện,Điện - Đèn - Còi,high,2,yes
ce226d07-4cb7-4d31-9f24-5cf68141fe6c,08294-M99-K8LV1,Dầu hộp số (Lap) - 120ml,Honda,Dầu nhớt - Dung dịch,high,8,yes
70239bf2-59f4-4bf4-95b5-765130004b05,PT-1764483899929,Dầu hộp số (Lap) - 150ml,Honda,Dầu nhớt - Dung dịch,high,8,yes
8fad293f-3ddc-462c-80ac-803e3ecff1f8,PT-1764483409151,Dầu phuộc/giảm xóc - 200ml,Honda,Dầu nhớt - Dung dịch,high,5,yes
f4b88329-42c3-4457-b318-5e1b100bfabb,1DB-F6246-0000,Đầu tay lái,Yamaha,Tay lái - Gương - Khóa - Dây điều khiển,high,0,yes
e59fdd4d-29f4-43de-8f0d-29da2c267695,53105-KPH-950,Đầu tay láy A,Honda,Tay lái - Gương - Khóa - Dây điều khiển,high,0,yes
85b951f5-0f22-4dea-9a18-28a539e4e288,PT-1764484827686,Dầu thắng Brake Fluid DOT3 - 10ml Total,Nhớt,Dầu nhớt - Dung dịch,high,139,yes
74cf4904-584c-4f2e-b01d-72019dcffe2f,PT-1764407260146,Dây báo số Wave,Hàng Công Ty,Tay lái - Gương - Khóa - Dây điều khiển,high,4,yes
e1b3820a-7931-4393-aefb-24bfea40ba16,PT-1765952386562,Dây cốc liền bình dầu Exciter 135,Hàng Công Ty,Nhiên liệu - Bình xăng - Bơm xăng,medium,5,yes
842c4e85-b3ca-4d04-ad14-362081e682b5,55P-F6335-00,Dây côn,Yamaha,Tay lái - Gương - Khóa - Dây điều khiển,high,1,yes
1dd489d9-1fec-419e-a657-ce5500d98748,2ND-F6335-0100,Dây côn,Yamaha,Tay lái - Gương - Khóa - Dây điều khiển,high,1,yes
d97cff35-1bd7-4ba0-9bea-56a3bc47b725,44830-KVB-750,Dây công tơ met,Honda,Tay lái - Gương - Khóa - Dây điều khiển,high,0,yes
4563bf2b-37ae-4198-8573-9c9f521e9f49,44830-KZL-E00,Dây công tơ mét,Honda,Tay lái - Gương - Khóa - Dây điều khiển,high,4,yes
64b3c771-f6c8-4766-a269-2ff566d1bdfe,44830-KRS-900,Dây công tơ mét,Honda,Tay lái - Gương - Khóa - Dây điều khiển,high,9,yes
9e47018e-44d2-4c5a-b2b0-5fa242fa78ad,44830-KWW-640,Dây công tơ mét,Honda,Tay lái - Gương - Khóa - Dây điều khiển,high,0,yes
cd2e034f-98d2-4233-b264-795dee3f6c7a,PT-1764403210126,Dây curoa 2 mặt răng Pcx/AB125/AV150 Japan - Bando,Hàng Công Ty,Truyền động - Nồi - Dây curoa,high,1,yes
d47d8805-44a9-46f1-b672-9cb00e0e6d82,PT-1764403127962,Dây curoa AB110/Click110 - Bando,Hàng Công Ty,Truyền động - Nồi - Dây curoa,high,3,yes
a3d09563-d284-4777-b6b3-dba1980b69b6,PT-1764403317914,Dây curoa AB125/SH Mode/ Lead 125 - Bando,Hàng Công Ty,Truyền động - Nồi - Dây curoa,high,5,yes
7a894c23-3aa9-4201-af3e-ece4302ac3f2,PT-1764403100893,Dây curoa Hayate/Vision K44 - Bando,Hàng Công Ty,Truyền động - Nồi - Dây curoa,high,5,yes
77249712-9982-4c4b-b067-9d2e7c15a15a,PT-1764403277194,Dây curoa SH 125/150 - Scooter,Hàng Công Ty,Truyền động - Nồi - Dây curoa,high,0,yes
932a2b1e-5629-404f-9afd-7179a19c7ce9,PT-1772259525077,Dây điện sườn Wave (Zicothai),Phụ tùng xe điện,Điện - Đèn - Còi,high,1,yes
633653c6-7745-4ef3-b0d1-214b6d3bc126,PT-1772259545967,Dây điện sườn Wave RS (Zicothai),Hàng Công Ty,Điện - Đèn - Còi,high,2,yes
72679362-992a-4186-93be-fd35f42ae181,17910-KTM-971,Dây ga,Honda,Tay lái - Gương - Khóa - Dây điều khiển,high,4,yes
885b6a25-998e-4861-a9f8-f919c7f13def,17910-KPH-701,Dây ga,Honda,Tay lái - Gương - Khóa - Dây điều khiển,high,3,yes
2e3897ae-3dee-430c-9e2b-c4974a32d858,3S4-F6311-00,Dây ga,Yamaha,Tay lái - Gương - Khóa - Dây điều khiển,high,1,yes
defa08de-2f4f-4c08-bb70-3c1211eaf6df,1FC-F6301-11,Dây ga,Yamaha,Tay lái - Gương - Khóa - Dây điều khiển,high,1,yes
f60efd43-3a83-49e9-a45e-82472ecc56f3,17910-KRS-900,Dây ga,Honda,Tay lái - Gương - Khóa - Dây điều khiển,high,7,yes
fc640c45-0e94-4829-bea4-7ef8c90d3b4f,17910-KWW-B81,Dây ga,Honda,Tay lái - Gương - Khóa - Dây điều khiển,high,6,yes
b4937b93-b32a-4dd4-a9fc-6c6c571dda42,PT-1764424190541,Dây ga Cup 81,Hàng Công Ty,Tay lái - Gương - Khóa - Dây điều khiển,high,8,yes
ebcb7666-4f1f-4c62-9423-eeea1690b43d,PT-1764424222707,Dây ga Dream,Hàng Công Ty,Tay lái - Gương - Khóa - Dây điều khiển,high,15,yes
cde08dfe-9352-4246-b510-89a22e7b6ccd,22870-K56-N10,Dây ga ly hợp,Honda,Truyền động - Nồi - Dây curoa,high,1,yes
265d29a2-b691-4c1a-a87a-5b46d20d5816,1FP-H3550-00,Dây Km,Yamaha,Tay lái - Gương - Khóa - Dây điều khiển,high,1,yes
a2c9a227-1ff1-49ae-8898-8f01c08e44e1,PT-1765951719671,Dây km Dream,Hàng Công Ty,Tay lái - Gương - Khóa - Dây điều khiển,high,10,yes
e3ab2638-452f-4f7d-bafa-288b13ee1e5e,PT-1764424080406,Dây Km Future Neo,Hàng Công Ty,Tay lái - Gương - Khóa - Dây điều khiển,high,18,yes
2bed77a9-ee96-4b6b-9b24-6819a7d9dad4,PT-1764424124007,Dây Km Wave,Hàng Công Ty,Tay lái - Gương - Khóa - Dây điều khiển,high,11,yes
14df60fa-86b0-4f44-9334-eb2568bcc085,3S3-F6341-00,Dây phanh,Yamaha,Phanh - Thắng,high,1,yes
92e494a1-129e-406a-b452-40321a2423f0,PT-1764416087597,Dây thắng 1.25m,Phụ tùng xe điện,Phanh - Thắng,high,27,yes
b355b09e-61b9-4837-a0a4-a4f19cd982e7,PT-1764416109128,Dây thắng 1.85m,Phụ tùng xe điện,Phanh - Thắng,high,25,yes
72ad92fb-9950-4cdf-9828-efc74edb3672,PT-1764416164008,Dây thắng 2m,Phụ tùng xe điện,Phanh - Thắng,high,0,yes
0b3bbca8-dd1e-4b1f-81df-3c74bd2831d8,PT-1764424153818,Dây thắng Cup 81,Hàng Công Ty,Phanh - Thắng,high,1,yes
ad22afaa-f0e0-4a12-9611-b9921753b052,PT-1764424005429,Dây thắng Dream/Wave,Hàng Công Ty,Phanh - Thắng,high,8,yes
4e92cf1d-46ac-44a2-b51b-9b712f40e150,PT-1764408736760,Dây xăng có lọc,Hàng Công Ty,Nhiên liệu - Bình xăng - Bơm xăng,medium,3,yes
1c1b1d43-6ce6-41f1-a527-f571e853fe2b,PT-1764408685335,Dây xăng không lọc,Hàng Công Ty,Nhiên liệu - Bình xăng - Bơm xăng,medium,13,yes
62720c5c-3871-4a59-9341-56da2fe47ca7,18421-K89-V70,Đệm cao su giảm chấn ống xả,Honda,Khung sườn - Phuộc - Chân chống,medium,20,yes
b342c7e5-57e2-4e67-8ffc-c7ceda9b3b9e,B6A-E5451-0000,Đệm nắp máy,Yamaha,Nhựa - Dàn áo - Tem,medium,1,yes
cc5f6867-b11e-453a-8630-cc9ffd5d3823,40591-KYZ-V10,Đệm nhựa đỡ xích tải,Honda,Truyền động - Nồi - Dây curoa,high,10,yes
2f0edf15-2b04-4fdf-9d72-d47499f27c76,40591-GN5-730,Đệm nhựa đỡ xích tải,Honda,Truyền động - Nồi - Dây curoa,high,6,yes
4dad0583-cbbc-48c1-8b3e-ba2acd5440ac,40591-KPH-900,Đệm nhựa đỡ xích tải,Honda,Truyền động - Nồi - Dây curoa,high,1,yes
b06a4e81-25b2-41b6-90b0-08b67cf79743,PT-1764474862329,Đèn 3 chân Osram,Hàng Công Ty,Điện - Đèn - Còi,high,1,yes
6825c59e-0947-4742-a166-828f5925e941,PT-1764419180750,Đèn 3 chân siêu sáng,Hàng Công Ty,Điện - Đèn - Còi,high,5,yes
789023bc-f1c5-4505-b569-771de00bc105,PT-1764419337249,Đèn led 3 chân Osram,Hàng Công Ty,Điện - Đèn - Còi,high,0,yes
3c4639e9-7be4-4f92-9861-8e58be1599b9,PT-1764418914235,Đèn led bi cầu 12v,Hàng Công Ty,Điện - Đèn - Còi,high,13,yes
f7edf916-36bc-4430-b4f7-d8a4b916f8f1,PT-1764418741736,Đèn led R01 - BMA,Hàng Công Ty,Điện - Đèn - Còi,high,1,yes
c31b39b8-6dc0-4f8f-baf9-583aae54265d,PT-1777345790834,Đèn led R02 BMA,Hàng Công Ty,Điện - Đèn - Còi,high,5,yes
53e2bf0d-17cf-4ffe-8323-310e80bb842e,PT-1764418863435,Đèn led X9,Hàng Công Ty,Điện - Đèn - Còi,high,0,yes
d1510ffc-57e4-4e7f-aca2-894553c723cb,PT-1764419070704,Đèn led Z4 - 3 chân,Hàng Công Ty,Điện - Đèn - Còi,high,0,yes
d0875b79-3657-4196-866d-afe813189d1e,PT-1764419018088,Đèn trợ sáng 48v,Phụ tùng xe điện,Điện - Đèn - Còi,high,0,yes
264914a8-888a-4c8d-ac4f-7c58f815d500,45351-K66-VE1,Đĩa phanh trước,Honda,Phanh - Thắng,high,0,yes
c381f9e4-0cfd-40ea-b0df-ade143ad3ae6,45351-K1N-V01,Đĩa phanh trước,Honda,Phanh - Thắng,high,1,yes
3440184c-2f13-48e2-9db6-8140ea7c0dbe,PT-1764414195250,Đỡ sên đề,Hàng Công Ty,Truyền động - Nồi - Dây curoa,high,3,yes
3dacda6c-21b4-4929-b222-b5642ae80b1a,PT-1764408632903,Đũa thắng Dream/Wave,Hàng Công Ty,Phanh - Thắng,high,4,yes
1fe97170-7a70-46b7-9ec2-a088030fc480,PT-1764483478098,Dung dịch làm mát động cơ - 500ml,Honda,Dầu nhớt - Dung dịch,high,21,yes
05e7a01d-e479-4975-b125-e958634e3250,PT-1764407779357,Đuôi đèn pha Dream,Hàng Công Ty,Điện - Đèn - Còi,high,6,yes
910d66bc-90bb-46d6-a7f2-54d5f8110452,PT-1764483180849,Elf 10W40 - 1Lit,Nhớt,Dầu nhớt - Dung dịch,high,13,yes
43e50365-f549-41ec-88e9-21e9633fc529,PT-1764483126807,Elf 15W50 - 1Lit,Nhớt,Dầu nhớt - Dung dịch,high,36,yes
afc20401-f0b4-417b-842b-0efee61a816d,PT-1766989212222,Gác chân Moka xe điện,Phụ tùng xe điện,Khung sườn - Phuộc - Chân chống,medium,1,yes
21b3e9a3-5cb7-4391-8236-7e2526e3957b,PT-1764408153525,Gác máy Wave,Hàng Công Ty,Động cơ - Ron - Phớt - Bạc đạn,medium,2,yes
7280c341-dee1-485f-b5c6-90624a8b6148,22131KVB900,Giá bi văng ly hợp,Honda,Truyền động - Nồi - Dây curoa,high,2,yes
d9b0e026-634f-4263-8ebf-0962a7342733,2ND-F5364-00,Giảm chấn,Yamaha,Khung sườn - Phuộc - Chân chống,medium,8,yes
4fd37093-dc68-4a9a-b55e-5341cb1e5bbd,51400-KZR-701,Giảm xóc trước phải,Honda,Khung sườn - Phuộc - Chân chống,medium,0,yes
81dc2cf5-dfa4-45b6-a999-fdf5f981c1e3,51400-KTM-981,Giảm xóc trước phải,Honda,Khung sườn - Phuộc - Chân chống,medium,0,yes
95315b87-fb04-4e0f-9968-31d50725be22,51500-KTM-981,Giảm xóc trước trái,Honda,Khung sườn - Phuộc - Chân chống,medium,0,yes
73a23e4f-516b-416c-b511-4c794efacb57,51500-KZR-701,Giảm xóc trước trái,Honda,Khung sườn - Phuộc - Chân chống,medium,0,yes
e9c01710-f278-4ab4-8ab0-8c2ac79faf95,12251-KZR-601,Giăng đầu quilát,Honda,Động cơ - Ron - Phớt - Bạc đạn,medium,0,yes
895ef31a-64c7-44d5-9376-5a7dd31da051,2139-KVB-901,Giăng hộp số,Honda,Động cơ - Ron - Phớt - Bạc đạn,medium,1,yes
5c130870-4c0d-4cca-9e61-7cb6d162d21b,12391-KZR-600,Giăng nắp đầu quy lát,Honda,Nhựa - Dàn áo - Tem,medium,0,yes
ad32680c-00b4-4e12-8dff-fd0270392b1e,12191-KZR-600,Giăng xy lanh,Honda,Động cơ - Ron - Phớt - Bạc đạn,medium,0,yes
69669ab6-9415-48d2-9e34-3d8ad3a6dad0,12191-KPH-901,Gioăng chân xylanh,Honda,Động cơ - Ron - Phớt - Bạc đạn,medium,0,yes
6327ba75-ed4a-4f8f-b9e8-70b8bc561ce3,12251-KYZ-901,Gioăng dầu xylanh,Honda,Động cơ - Ron - Phớt - Bạc đạn,medium,1,yes
df29c42b-fe32-46d8-a5a7-09a84227495d,12251-KPH-901,Gioăng đầu xylanh,Honda,Động cơ - Ron - Phớt - Bạc đạn,medium,0,yes
11eef4c6-a335-440f-8cae-9686c3981b95,15439-KYK-D10,Gioăng nắp lọc dầu ly tâm,Honda,Nhựa - Dàn áo - Tem,medium,2,yes
9dd9b3be-1b9f-45f4-bbe8-09ac97942e8f,11394-KPH-901,Gioăng nắp máy phải,Honda,Nhựa - Dàn áo - Tem,medium,0,yes
eee3c7c4-946f-4b6a-87c5-ca04c261eba1,11394-KYZ-900,Gioăng nắp máy phải,Honda,Nhựa - Dàn áo - Tem,medium,3,yes
0443589b-a602-46af-8e9e-832c9f39f4b2,11394-KFL-852,Gioăng nắp máy phải,Honda,Nhựa - Dàn áo - Tem,medium,2,yes
9eb76ac0-e902-4fb1-81dd-85a245260e3d,11394-KWB-920,Gioăng nắp máy phải,Honda,Nhựa - Dàn áo - Tem,medium,3,yes
2980f319-f4e1-40ba-8a1d-124e05c04f34,11395-KPH-901,Gioăng nắp máy trái,Honda,Nhựa - Dàn áo - Tem,medium,2,yes
5e7006d2-dc37-43dc-8356-618d2bfe6f8b,11395-KWB-920,Gioăng nắp máy trái,Honda,Nhựa - Dàn áo - Tem,medium,4,yes
d991ac6d-37ac-40e8-8303-57fd69263980,5VD-E1351-00,Gioăng xi lanh,Yamaha,Động cơ - Ron - Phớt - Bạc đạn,medium,1,yes
830ff3f7-77cc-4d22-b530-29673b6e4bdf,PT-1764485070534,Honda số 10W30 MA - 0.8lit,Nhớt,Dầu nhớt - Dung dịch,high,0,yes
5808cbde-f0cf-47b9-a7c0-6c95dd337326,44800-KWW-650,Hộp bánh răng đo tốc độ,Honda,Truyền động - Nồi - Dây curoa,high,4,yes
75c00fc9-113e-499c-85ad-22db229b782c,44800-KVB-910,Hộp bánh răng đo tốc độ,Honda,Truyền động - Nồi - Dây curoa,high,0,yes
f46d605a-a620-4d60-b156-f1746f0bfdf4,PT-1764413332187,Hộp bô e Dream/Wave,Hàng Công Ty,Nhựa - Dàn áo - Tem,medium,1,yes
d06228ae-3a74-4c76-8cbe-f3c13863f33f,PT-1764475793932,Hộp chứa 4 bình ắc quy xe điện,Phụ tùng xe điện,Điện - Đèn - Còi,high,0,yes
9daae666-1ebd-4db6-9098-71333034e8d1,PT-1773914002999,Hộp đựng 4 bình ắc quy chữ T,Phụ tùng xe điện,Điện - Đèn - Còi,high,1,yes
20c450b4-a8d8-4849-acbd-71a50c354704,PT-1766031641573,Hộp đựng 4 bình xe điện,Phụ tùng xe điện,Xe điện,medium,4,yes
c72834e2-b2d4-49c4-86be-d1c45501e6f6,PT-1768034214509,IC AUSBOND 5in1 (36-48V) 400w,Hàng Công Ty,Điện - Đèn - Còi,high,1,yes
e0aca94c-ec77-443b-a51d-8bc7f9126fa6,PT-1764418187476,Ic Dream,Hàng Công Ty,Điện - Đèn - Còi,high,9,yes
b4ee77a2-4885-47d5-82e0-4492cc39f54f,PT-1768293591846,IC Tokoya 350w,Phụ tùng xe điện,Điện - Đèn - Còi,high,2,yes
d8ca0be1-83fd-40c8-a4fb-d7b528cbdd84,90666-SDA-A01,Kẹp tấm thông gió trước,Honda,Ốc vít - Cao su - Vật tư nhỏ,medium,9,yes
1ccfc886-359e-440f-a578-9f3b10428278,PT-1764402425450,Kẹp trượt 110 KVY,Hàng Công Ty,Ốc vít - Cao su - Vật tư nhỏ,medium,3,yes
38ef05c7-3b2a-46c4-a20f-01c4a68e5a16,PT-1764413609337,Khoá xăng 1 dây,Hàng Công Ty,Tay lái - Gương - Khóa - Dây điều khiển,high,1,yes
2296f16f-a2d5-4513-b943-18bbe1d8dd92,PT-1764413639817,Khoá xăng 2 dây,Hàng Công Ty,Tay lái - Gương - Khóa - Dây điều khiển,high,1,yes
3758006f-a93e-42d3-be26-f4128009281f,PT-1764422509884,Khoá yên Wave,Hàng Công Ty,Tay lái - Gương - Khóa - Dây điều khiển,high,1,yes
8c34edb5-a731-4d46-9bbe-856e83ac95b2,PT-1765436796382,Khối pin 24v15Ah,Hàng Công Ty,Điện - Đèn - Còi,high,0,yes
e26c5a2e-7940-4fa7-a161-ef99b0cda836,PT-1764559659290,Khối pin 48V15Ah,Phụ tùng xe điện,Điện - Đèn - Còi,high,1,yes
b4b3f3c7-6386-43e7-95b7-8c92ddc48aa6,PT-1764423767425,Khung biển số Inox,Hàng Công Ty,Khung sườn - Phuộc - Chân chống,medium,22,yes
864d186c-d1a1-422d-865f-4b4e5a223ed7,PT-1764423714010,Khung biển số Titan,Hàng Công Ty,Khung sườn - Phuộc - Chân chống,medium,5,yes
2aee8956-694e-4753-8ff5-1936e879ac52,PT-1764414145156,Kính bên trái,Hàng Công Ty,Tay lái - Gương - Khóa - Dây điều khiển,high,6,yes
c9ef5656-16a9-4fe1-a3cb-17561b6c2bb6,PT-1764414229684,Kính tròn,Hàng Công Ty,Tay lái - Gương - Khóa - Dây điều khiển,high,4,yes
ca451afb-94f9-4455-aeeb-a974fc7ee14d,PT-1764415473198,Líp 16 răng,Phụ tùng xe điện,Truyền động - Nồi - Dây curoa,high,3,yes
3ea74f34-7d9d-4fb3-b269-34158c5ad82e,2ND-E6345-00,Lò xo,Yamaha,Ốc vít - Cao su - Vật tư nhỏ,medium,1,yes
fad75c30-e683-4976-aa1a-a5efc9b101ce,53199-KVG-91,Lò xo hồi vị khoá phanh,Honda,Phanh - Thắng,high,4,yes
83b707a9-eb41-43e3-bc4e-db47dab75bd3,PT-1764401779143,Lò xo nồi 110,Hàng Công Ty,Truyền động - Nồi - Dây curoa,high,1,yes
e2ef37d4-3b80-4dc9-b586-0bef37bdbff0,PT-1764401812589,Lò xo nồi 125,Hàng Công Ty,Truyền động - Nồi - Dây curoa,high,2,yes
920769ce-4042-4aa4-ae09-e9d2806ab09d,PT-1764401831307,Lò xo nồi 150,Hàng Công Ty,Truyền động - Nồi - Dây curoa,high,2,yes
6a818aad-dc49-4dd6-9177-9bbb5dd0c882,17220-KZL-E00,Lọc gió,Honda,Lọc gió - Lọc nhớt - Lọc xăng,high,0,yes
baf177ae-1cda-41fb-a71e-431aed6c5c0f,PT-1764474949111,Lọc nhớt Indo,Hàng Công Ty,Dầu nhớt - Dung dịch,high,2,yes
7f80d680-486f-4799-be9e-c4893a8210cf,16910-KFM-902,Lọc xăng,Honda,Lọc gió - Lọc nhớt - Lọc xăng,high,11,yes
d7f21b5f-19e7-44ad-a02a-187b217f6f94,PT-1764413141657,Lọc xăng,Hàng Công Ty,Lọc gió - Lọc nhớt - Lọc xăng,high,19,yes
497c9758-56bd-46c2-a3d8-d7944e6495fd,PT-1764398320387,Lốp dùng săm gai RS 70/90-17,Casumina,Lốp - Săm - Ruột,high,4,yes
37f10534-d732-4476-bc8b-3732a7b2f3d1,PT-1764396699157,Lốp không săm 100/90-10,IRC Tire,Lốp - Săm - Ruột,high,2,yes
95c4f0e7-1fe2-465e-a8e4-28a29406d8a6,PT-1764579458782,Lốp không săm 120/70-17 - Exiter 150,IRC Tire,Lốp - Săm - Ruột,high,1,yes
09b9d5a8-f815-4a3a-bfa5-49ae1f45d451,PT-1764579379295,Lốp không săm 90/90-12,IRC Tire,Lốp - Săm - Ruột,high,2,yes
3ba9c6f5-fd5f-4e61-9d55-8e9bceb3db14,PT-1764397446313,Lốp sau dùng săm 2.50-17 gai Dream,IRC Tire,Lốp - Săm - Ruột,high,3,yes
808092af-89b3-4f22-bb93-84e0f0e64d75,PT-1764397349460,Lốp sau dùng săm 2.50-17 gai Wave,IRC Tire,Lốp - Săm - Ruột,high,0,yes
554fecec-e335-4e2c-96b9-5f5358b40717,PT-1764397597858,Lốp sau dùng săm 2.75-17 8 lớp,Kenda,Lốp - Săm - Ruột,high,4,yes
9c789aac-e067-44fd-8f4d-6f3462bfc662,PT-1764397285427,Lốp sau dùng săm 80/90-17 gai RS,IRC Tire,Lốp - Săm - Ruột,high,4,yes
02d1c34c-7c80-4514-a223-fa6849a4aede,PT-1765530897812,Lốp sau không dùng săm 100/70-17,Kenda,Lốp - Săm - Ruột,high,3,yes
d13c55e6-0c25-4c78-99a4-b09953121299,PT-1764396996689,Lốp sau không dùng săm 100/80-16,IRC Tire,Lốp - Săm - Ruột,high,1,yes
4a78e9bd-40ce-4ba8-9dd6-0c3e5049dbca,PT-1764396959638,Lốp sau không dùng săm 100/90-14,IRC Tire,Lốp - Săm - Ruột,high,0,yes
f7a7b10d-0d7f-4882-9961-754910b964dc,PT-1764397868954,Lốp sau không dùng săm 120/70-17,Kenda,Lốp - Săm - Ruột,high,2,yes
b4d83584-a871-485a-8701-d86a75334697,PT-1764397026214,Lốp sau không dùng săm 120/80-16,IRC Tire,Lốp - Săm - Ruột,high,1,yes
7212f3ce-191a-41c3-9818-0df448224d51,PT-1765530814411,Lốp sau không dùng săm 70/90-16,Kenda,Lốp - Săm - Ruột,high,1,yes
4b8abcea-c463-4dd4-82f9-e7708730e6f2,PT-1764397914372,Lốp sau không dùng săm 80/90-16,Kenda,Lốp - Săm - Ruột,high,1,yes
418fff16-3edf-4f17-a83d-b1f53e28b57a,PT-1764397130872,Lốp sau không dùng săm 80/90-17,IRC Tire,Lốp - Săm - Ruột,high,0,yes
abd43a0f-45bc-4662-8eda-47b947c2b2b7,PT-1764396925501,Lốp sau không dùng săm 90/90-14,IRC Tire,Lốp - Săm - Ruột,high,4,yes
a7e58279-ded7-4669-a711-9f18fba78dc7,PT-1764397941356,Lốp sau không dùng săm 90/90-14,Kenda,Lốp - Săm - Ruột,high,4,yes
b70ffcf8-3b50-49e2-b61f-e4d7f70b1dae,PT-1764397494609,Lốp trước dùng săm 2.25-17 gai Dream,IRC Tire,Lốp - Săm - Ruột,high,1,yes
bbb82b09-2042-4542-9b34-78e9ca4f282c,PT-1764398378806,Lốp trước dùng săm 2.25-17 gai Wave,Casumina,Lốp - Săm - Ruột,high,5,yes
3d4ad79f-707e-4c93-8f43-21a745bcf33d,PT-1764397395178,Lốp trước dùng săm 2.25-17 gai Wave,IRC Tire,Lốp - Săm - Ruột,high,2,yes
b768eb04-e0ef-4e9f-a491-9234d1f860ff,PT-1776501349341,Lốp trước dùng săm 2.50-17 (6 lớp),Kenda,Lốp - Săm - Ruột,high,4,yes
4283b6b4-68ac-4bbd-a8d1-2ed0ecf7d319,PT-1764397754713,Lốp trước dùng săm 2.50-17 8 lớp,Kenda,Lốp - Săm - Ruột,high,0,yes
b9ab9fbd-cc12-4d33-b56d-5656bc8c090b,PT-1764396797859,Lốp trước dùng săm 70/90-14,IRC Tire,Lốp - Săm - Ruột,high,1,yes
114a4ec2-3646-47cc-ac63-f1d1f600f98a,PT-1764397252781,Lốp trước dùng săm 70/90-17 gai RS,IRC Tire,Lốp - Săm - Ruột,high,1,yes
3259eb4a-1764-44c0-9fcb-ecee7d3d433f,PT-1764397102163,Lốp trước không dùng săm 70/90-17,IRC Tire,Lốp - Săm - Ruột,high,1,yes
1cd79fb0-af32-4cb1-a0c4-29d29fe2157d,PT-1764579243618,Lốp trước không dùng săm 80/90-14,Kenda,Lốp - Săm - Ruột,high,2,yes
29220cec-c0fe-4e7a-89fc-78ebf396783e,PT-1764396849666,Lốp trước không dùng săm 80/90-14,IRC Tire,Lốp - Săm - Ruột,high,4,yes
e35c34f3-a437-4ad1-895e-ab8abf879304,PT-1764397066789,Lốp trước không dùng săm 80/90-16,IRC Tire,Lốp - Săm - Ruột,high,1,yes
59ae0ba0-8a03-4bde-97d0-5b303c67477f,PT-1764422473990,Lưỡi hái chống đứng,Hàng Công Ty,Khung sườn - Phuộc - Chân chống,medium,8,yes
22f771a2-1f1d-403b-adb7-67d71401aae8,PT-1764413262426,Lưới lọc bơm xăng,Hàng Công Ty,Lọc gió - Lọc nhớt - Lọc xăng,high,1,yes
f6e0628a-e747-43ff-a9de-97c4bcbc548c,PT-1776937698442,Lưới lọc bơm xăng Fu,Hàng Công Ty,Lọc gió - Lọc nhớt - Lọc xăng,high,10,yes
520583a8-1e70-4d23-8fec-cdd19a317de3,PT-1764997991478,Lưới lọc bơm xăng SH Mode,Hàng Công Ty,Lọc gió - Lọc nhớt - Lọc xăng,high,8,yes
3a41a9cf-0411-49e2-931b-598f3f6900a4,PT-1764998381550,"Lưới lọc bơm xăng Sirius FI, Exciter 150, Janus",Hàng Công Ty,Lọc gió - Lọc nhớt - Lọc xăng,high,19,yes
8cdd0aa6-5f89-4564-abfb-0780174fdc67,PT-1764998313200,Lưới lọc bơm xăng Vision,Hàng Công Ty,Lọc gió - Lọc nhớt - Lọc xăng,high,10,yes
d02f504c-c0d6-4f84-8203-a4759479b218,PT-1764419673356,Lưới lọc nhớt,Hàng Công Ty,Dầu nhớt - Dung dịch,high,6,yes
77f63679-8c98-4f3b-9c1a-c84ab3d3f0f7,PT-1777453281763,Lưới lọc xăng Lead,Hàng Công Ty,Lọc gió - Lọc nhớt - Lọc xăng,high,5,yes
3339dfcc-bf5c-40d5-bb71-d33bf636d60c,PT-1777453051012,Lưới lọc xăng Winer,Hàng Công Ty,Lọc gió - Lọc nhớt - Lọc xăng,high,5,yes
f767d26b-2d09-428c-a154-07f40a048ea8,2DP-F5805-00,Má phanh dầu,Yamaha,Phanh - Thắng,high,1,yes
28b88a05-068f-46bf-a2f5-b9c1eed3ef22,55P-W00460-000,Má phanh dầu,Yamaha,Phanh - Thắng,high,3,yes
63670562-82cd-4b14-a2ea-c26711adf896,5YP-F58050-100,Má phanh dầu,Yamaha,Phanh - Thắng,high,2,yes
861c2f62-0368-46ca-b499-487c594b344e,PT-1764419959269,Má phanh dầu AB 1 bit - Katema,Hàng Công Ty,Phanh - Thắng,high,7,yes
a77d1347-36b1-445d-b453-5014f8658ac6,PT-1764419972723,Má phanh dầu AB 2 bit - Katema,Hàng Công Ty,Phanh - Thắng,high,3,yes
f21b5ec5-edba-49ba-a1f8-c882b815e088,PT-1764420054551,Má phanh dầu AB110/Vision,Hàng Công Ty,Phanh - Thắng,high,1,yes
f4cd54a2-74ab-43d8-9397-9b36cf844faf,PT-1765856487961,Má phanh dầu sau Django,Hàng Công Ty,Phanh - Thắng,high,0,yes
9792bad6-77ae-4e9b-8d52-6749442e17f6,PT-1764420010485,Má phanh dầu Wave RS/Future Neo - Katema,Hàng Công Ty,Phanh - Thắng,high,2,yes
82858a07-0e4c-4d6b-8cc7-61896c17f5a6,PT-1764419828385,Má phanh dầu Wave S110 - Katema,Hàng Công Ty,Phanh - Thắng,high,5,yes
3966d697-8f81-4a13-a186-0edbb80bda0c,PT-1773104606627,Má phanh đĩa trước Ex 150 (Elig),Hàng Công Ty,Phanh - Thắng,high,4,yes
42a30dc8-e0ed-4ea9-a878-7932f5e8b3f3,PT-1765422645110,"Má phanh Elig - QuantumS2, S3",Hàng Công Ty,Phanh - Thắng,high,2,yes
5b88ec3a-a783-4f9f-a542-9762d0ce7ecb,5VD-F530K-01,Má phanh sau,Yamaha,Phanh - Thắng,high,0,yes
69643e1b-9c4f-4909-898f-ed149e2d9726,1S9-F530K-00,Má phanh sau,Yamaha,Phanh - Thắng,high,1,yes
acd618ea-c165-49dc-9998-ae6ae8dcfbdd,PT-1764420161328,Má phanh Sirius Fi/Exiter 135 - SuperTop,Hàng Công Ty,Phanh - Thắng,high,2,yes
faea6af7-6037-49be-ae99-7a039454b1ed,PT-1764420223001,Má phanh Sirius Fi/Exiter 150 - SuperTop,Hàng Công Ty,Phanh - Thắng,high,2,yes
61344e54-9df2-411a-8421-14faa00797aa,PT-1765952669679,Má phanh trước xe điện,Phụ tùng xe điện,Phanh - Thắng,high,10,yes
3e5e1b63-ef02-4e63-8bd0-69ba18073032,PT-1764420274814,Má phanh Wave RS/Future Neo - SuperTop,Hàng Công Ty,Phanh - Thắng,high,1,yes
7297b939-69b3-4853-b642-b85d83e0590d,PT-1764420344411,Má phanh Yahana,Hàng Công Ty,Phanh - Thắng,high,2,yes
972d3728-bddd-4b16-9aa2-8e111d9c72cb,86202-K73-V80ZC,Mark cánh chim phải 80mm,Honda,Nhựa - Dàn áo - Tem,medium,1,yes
cd91da75-3300-4fbf-abee-a4325ea247a2,PT-1764416759397,Mặt đồng hồ xe điện,Phụ tùng xe điện,Xe điện,medium,2,yes
07225bab-0538-4ea6-978a-06fad74876f8,PT-1764400648169,Mô tơ bơm xăng PCX/Vario/Click/Si-Fi/Vision 2015/ RSX 2014/ Wave 110 - BEO,Hàng Công Ty,Điện - Đèn - Còi,high,0,yes
2e33d359-24db-4fd1-8fc9-db006df9dd90,31210-KVB-951,Mô tơ đề,Honda,Điện - Đèn - Còi,high,0,yes
3a072887-3513-482f-826e-9f5521a6bfbf,30500-KRS-860,Mobin cao áp,Honda,Điện - Đèn - Còi,high,1,yes
e9aca402-6771-46a2-b9a0-e828ca3e413f,30510-KYZ-V71,Môbin cao áp,Honda,Điện - Đèn - Còi,high,1,yes
7411dadb-a062-45a1-9d3e-e28d1ea451c7,PT-1764417999936,Mobin sườn Dream,Hàng Công Ty,Điện - Đèn - Còi,high,5,yes
1c2a555b-eb9e-49ff-8181-14ce8a62573f,PT-1764418045717,Mobin sườn Wave,Hàng Công Ty,Điện - Đèn - Còi,high,3,yes
90957f5e-e904-4c2f-b4cf-e0e0f0a23beb,PT-1766906412898,Móc gạt inox,Hàng Công Ty,Ốc vít - Cao su - Vật tư nhỏ,medium,18,yes
ef1886ae-1faf-4074-8be9-26b19e279495,PT-1764581113523,Móc giữa Inox,Hàng Công Ty,Ốc vít - Cao su - Vật tư nhỏ,medium,2,yes
58ad8d87-35f9-44e8-9624-c8150603b212,PT-1764421112301,Móc Inox,Hàng Công Ty,Ốc vít - Cao su - Vật tư nhỏ,medium,1,yes
ed675017-e347-4933-837c-2a2014e458a7,PT-1765952295085,Móc U inox,Hàng Công Ty,Ốc vít - Cao su - Vật tư nhỏ,medium,8,yes
5b1cec84-48ad-413e-b483-e10cdcd9d6ac,PT-1764907399408,Móng ngựa ba càng Vision K44 - Exedy,Hàng Công Ty,Nhựa - Dàn áo - Tem,medium,10,yes
2347e6e4-f9bc-4263-ab06-fab37c98cb31,55P-E4450-00,Mút lọc gió,Yamaha,Lọc gió - Lọc nhớt - Lọc xăng,high,2,yes
34095228-ad49-40bf-ad5f-216ccd68bfdf,1FC-E4450-00,Mút lọc gió,Yamaha,Lọc gió - Lọc nhớt - Lọc xăng,high,1,yes
4b698603-5316-40e8-a2c6-dab3b051d140,2ND-E4450-00,Mút lọc gió,Yamaha,Lọc gió - Lọc nhớt - Lọc xăng,high,1,yes
827be781-ba02-469f-a4d0-f3e083cd4fcf,PT-1764422624730,Nắp 4 lỗ,Hàng Công Ty,Nhựa - Dàn áo - Tem,medium,1,yes
2d1b7dc9-9883-4032-a9f2-255f13bc6f1f,PT-1764413191989,Nắp bình xăng,Hàng Công Ty,Nhiên liệu - Bình xăng - Bơm xăng,medium,16,yes
70f7f42c-b6bc-482a-a94c-beaff608df97,30700-GFM-902,Nắp chụp bugi,Honda,Nhựa - Dàn áo - Tem,medium,5,yes
25dd5504-4487-419a-a387-200603436b41,PT-1764420831193,Nắp chụp sên,Hàng Công Ty,Truyền động - Nồi - Dây curoa,high,11,yes
4e9c05d5-9437-4377-a702-f1628aacb38f,53206-KZLE-00ZG,"Nắp sau tay lái ""NHB35P""",Honda,Tay lái - Gương - Khóa - Dây điều khiển,high,0,yes
240884eb-45bc-4efc-a05b-5d2ad94e2d3a,53206-KYL-840,NẮP SAU TAY LÁI FuX,Honda,Tay lái - Gương - Khóa - Dây điều khiển,high,0,yes
764c0ef1-ef95-4324-9813-a6b637e14667,37211-KYZ-901,Nắp trên đồng hồ tốc độ,Honda,Nhựa - Dàn áo - Tem,medium,0,yes
5cb37ddf-e6d9-4ff2-9043-2f6da59332ec,53205-KYL-840ZB,NẮP TRƯỚC TAY LÁI FuX,Honda,Tay lái - Gương - Khóa - Dây điều khiển,high,0,yes
9626cc79-bfcf-4505-a851-b8a75d4a1046,PT-1764422267236,Nắp Xuppắp,Hàng Công Ty,Nhựa - Dàn áo - Tem,medium,3,yes
8079f092-beeb-4d76-9738-afd461a181df,PT-1764419509935,Nhông đề lớn,Hàng Công Ty,Truyền động - Nồi - Dây curoa,high,6,yes
b4547b9b-ad02-4aa1-9b45-c32bc7e28929,PT-1769851752438,Nhông sên dĩa 13-52 thồ,Hàng Công Ty,Truyền động - Nồi - Dây curoa,high,0,yes
aff7c4dd-ee0e-4a4e-80a5-c81860b0d801,PT-1764409061070,Nhông sên dĩa Dream - DID,Hàng Công Ty,Truyền động - Nồi - Dây curoa,high,4,yes
0e510f0c-960e-4f9e-8aa8-5fa93bb47512,PT-1764409219597,Nhông sên dĩa Exiter 135 - DID,Hàng Công Ty,Truyền động - Nồi - Dây curoa,high,4,yes
615bced4-4a18-45e2-a253-a5d76bdd9b07,PT-1764409274283,Nhông sên dĩa Exiter 150- DID,Hàng Công Ty,Truyền động - Nồi - Dây curoa,high,8,yes
3e193a52-2e7b-41b7-9843-75beb380aaef,PT-1774599038551,Nhông sên dĩa RK Fu 125,Hàng Công Ty,Truyền động - Nồi - Dây curoa,high,10,yes
61a57b5e-4fcf-4354-a64b-6468886c09a6,PT-1764409381981,Nhông sên dĩa Sirius - DID,Hàng Công Ty,Truyền động - Nồi - Dây curoa,high,4,yes
51916999-349d-4ada-b509-fa0b5899bec0,PT-1764408851275,Nhông sên dĩa Sirius - Kamthai,Hàng Công Ty,Truyền động - Nồi - Dây curoa,high,0,yes
6aa13e56-8e09-415a-9fba-17326d5425f1,PT-1764409349303,Nhông sên dĩa Sirius Fi - DID,Hàng Công Ty,Truyền động - Nồi - Dây curoa,high,5,yes
b7aeb49a-b06d-4521-bc1e-28a3020bb65b,PT-1764408817952,Nhông sên dĩa Sirius Fi - Kamthai,Hàng Công Ty,Truyền động - Nồi - Dây curoa,high,4,yes
483bca11-0f7d-4d0a-b9df-5a5c8c0b1f97,PT-1764409107468,Nhông sên dĩa Wave 125 - DID,Hàng Công Ty,Truyền động - Nồi - Dây curoa,high,5,yes
6db91496-5827-47f6-9892-8c7d2c411415,PT-1764408997066,Nhông sên dĩa Wave RS - Kamthai,Hàng Công Ty,Truyền động - Nồi - Dây curoa,high,12,yes
97b6464d-469d-4af6-a0ef-00291130ab08,PT-1764409024067,Nhông sên dĩa Wave RS TQ - Kamthai,Hàng Công Ty,Truyền động - Nồi - Dây curoa,high,3,yes
c2b64356-74dd-42c1-a5bb-4cf390bf1b37,PT-1770716311168,Nhớt Lap 75w90 Voltronic - 120ml,Nhớt,Dầu nhớt - Dung dịch,high,90,yes
ea80ec96-90ed-40fc-864b-4182bbeba15e,PT-1764475053926,Nhựa đỡ sên Dream,Hàng Công Ty,Truyền động - Nồi - Dây curoa,high,4,yes
9e692b1a-7e31-482d-bb88-381f14d0d8f6,BJ7-E6611-00,Nồi côn,Yamaha,Truyền động - Nồi - Dây curoa,high,1,yes
047d29b6-c286-4e6f-a90a-65a97e99d4fd,PT-1764478322283,Ổ khoá 133S,Phụ tùng xe điện,Tay lái - Gương - Khóa - Dây điều khiển,high,2,yes
43ec3904-f342-451f-ace6-862e91f9cf37,PT-1764421267902,Ổ khoá Cup 81,Hàng Công Ty,Tay lái - Gương - Khóa - Dây điều khiển,high,6,yes
fd36c14d-a862-4df2-b2f4-6acc6c1745bb,PT-1764421599217,Ổ khoá Cup mới,Hàng Công Ty,Tay lái - Gương - Khóa - Dây điều khiển,high,0,yes
c85b2dfe-bdf7-4abf-9264-2938d07a2d1f,PT-1773017357857,Ổ khóa Dream,Hàng Công Ty,Tay lái - Gương - Khóa - Dây điều khiển,high,1,yes
99984ca0-f2df-481a-969a-ed0a8639720e,PT-1764478354938,Ổ khoá M133,Phụ tùng xe điện,Tay lái - Gương - Khóa - Dây điều khiển,high,1,yes
75186041-b599-4e7d-a7ca-dda80e36e47c,PT-1764421745967,Ổ khoá RS 100,Hàng Công Ty,Tay lái - Gương - Khóa - Dây điều khiển,high,1,yes
2224ecf6-2edb-40de-88e5-e60900c1923d,PT-1764421656534,Ổ khoá Sirius,Hàng Công Ty,Tay lái - Gương - Khóa - Dây điều khiển,high,3,yes
db895842-73f1-4d09-8b39-aba2b75e7649,PT-1764421391235,Ổ khoá Wave 100,Hàng Công Ty,Tay lái - Gương - Khóa - Dây điều khiển,high,2,yes
89171a37-f8e1-4ad7-ab25-e33e67115f5e,PT-1773017325505,Ổ khóa wave bụng 100,Hàng Công Ty,Tay lái - Gương - Khóa - Dây điều khiển,high,2,yes
8ce33e56-0bd8-404c-a9a9-6ce30e25fb88,PT-1764421526270,Ổ khoá Wave nhỏ 100,Hàng Công Ty,Tay lái - Gương - Khóa - Dây điều khiển,high,3,yes
7ef81ad2-b985-4d1e-8ba2-06013bd85984,PT-1764421695966,Ổ khoá Wave RS,Hàng Công Ty,Tay lái - Gương - Khóa - Dây điều khiển,high,0,yes
ae25674d-2eea-4370-9f99-5fb2f94226af,PT-1764421544149,Ổ khoá Wave xoắn,Hàng Công Ty,Tay lái - Gương - Khóa - Dây điều khiển,high,2,yes
41a0e12e-4857-405f-ba7d-f4dfb46f511d,PT-1764417153145,Ổ khoá xe điện,Phụ tùng xe điện,Tay lái - Gương - Khóa - Dây điều khiển,high,12,yes
8b8d0656-79cb-4b74-9325-a9600373d9c1,PT-1764413513541,Ốc gió Exiter 150,Hàng Công Ty,Ốc vít - Cao su - Vật tư nhỏ,medium,1,yes
7bdb864b-2c02-44fe-a033-f5378a39ea1e,PT-1764411089556,Ống chỉ cùi dĩa Wave,Hàng Công Ty,Truyền động - Nồi - Dây curoa,high,11,yes
b02677db-269c-40ac-9f9a-0faa3a520578,83430-K29-900,Ốp cần để chân sau phải,Honda,Nhựa - Dàn áo - Tem,medium,1,yes
05027920-535d-4505-bf28-5769a188f09f,PT-1764474547364,Ốp công tắc bên trái xe điện,Phụ tùng xe điện,Điện - Đèn - Còi,high,3,yes
60b24eed-bc02-4379-8601-b7b17891a6e2,PT-1764475386709,Phao báo xăng 2 dây RS,Hàng Công Ty,Nhiên liệu - Bình xăng - Bơm xăng,medium,6,yes
c33edc71-f2e6-4d91-8a7e-da1a6d533240,PT-1764475403754,Phao báo xăng 2 dây Sirius,Hàng Công Ty,Nhiên liệu - Bình xăng - Bơm xăng,medium,3,yes
4cf03b03-04ab-4d4e-9ed2-ab8497be21a9,PT-1764475313216,Phao báo xăng 3 dây Dream,Hàng Công Ty,Nhiên liệu - Bình xăng - Bơm xăng,medium,0,yes
0fe36bdd-2b93-4e13-b0b2-9d2352f4ca2e,PT-1764475256709,Phao báo xăng 3 dây RS,Hàng Công Ty,Nhiên liệu - Bình xăng - Bơm xăng,medium,4,yes
6dace7d8-09f3-480e-a937-a2559fd81a06,PT-1764475291840,Phao báo xăng 3 dây Wave,Hàng Công Ty,Nhiên liệu - Bình xăng - Bơm xăng,medium,2,yes
b80a52e8-c8ec-417f-ad67-47a8b90c23f0,PT-1764425311563,Phót 21x35,Hàng Công Ty,Động cơ - Ron - Phớt - Bạc đạn,medium,14,yes
7de60c89-0592-4462-b78b-fd7fa355f1d3,PT-1764401308594,Phót buly AB/Sh/Pcx -Exedy,Hàng Công Ty,Động cơ - Ron - Phớt - Bạc đạn,medium,5,yes
11d46800-d9b0-4f26-87fa-6108fee242db,PT-1764401375046,Phót buly Vision/AB110 - Exedy,Hàng Công Ty,Động cơ - Ron - Phớt - Bạc đạn,medium,3,yes
b305672e-aaf9-4729-8436-a2f861f92ad7,PT-1764425000763,Phót cần đạp máy,Hàng Công Ty,Động cơ - Ron - Phớt - Bạc đạn,medium,18,yes
3fd7df57-dff0-47db-adff-64c38e78129f,PT-1764424945247,Phót cần số,Hàng Công Ty,Tay lái - Gương - Khóa - Dây điều khiển,high,6,yes
b61c18f5-1a07-42ff-82a1-4803760364be,PT-1768263689540,Phớt chân dầu thân xu páp,Honda,Động cơ - Ron - Phớt - Bạc đạn,medium,4,yes
5b171fb3-bf38-43bc-a4be-0a0c29db5782,91208-KWB-601,"Phót dầu 11,6x22x7",Honda,Động cơ - Ron - Phớt - Bạc đạn,medium,0,yes
e13602c2-2507-48df-8b27-4722b62b25fd,91202-KRS-971,"Phót dầu 13,8x24x5",Honda,Động cơ - Ron - Phớt - Bạc đạn,medium,2,yes
4dfd3b90-6deb-4f72-b319-2cf3e64b5aef,91204-KPH-901,Phót dầu 17x30x5,Honda,Động cơ - Ron - Phớt - Bạc đạn,medium,3,yes
333b6c99-aa06-4979-bd0a-6ebb560a07e1,91202-KVB-901,"Phót dầu 20,8x52x6x7,5",Honda,Động cơ - Ron - Phớt - Bạc đạn,medium,23,yes
1d1e24af-6ef6-4a42-917b-edab96edf8f7,91202-KJ9-003,Phót dầu 20x32x6,Honda,Động cơ - Ron - Phớt - Bạc đạn,medium,3,yes
1c17fe45-2b20-4019-b8e8-1a2659ac49e0,91203-K40-F01,Phót dầu 22x32x6,Honda,Động cơ - Ron - Phớt - Bạc đạn,medium,0,yes
07f033b1-77a9-4ca0-bbe7-caeefd9d37ee,91204-K44-V01,Phót dầu 29x44x7,Honda,Động cơ - Ron - Phớt - Bạc đạn,medium,3,yes
77e33e65-3f1f-476b-b59e-e2e7d2a7245a,91204-KWN-900,Phót dầu 34x52x7,Honda,Động cơ - Ron - Phớt - Bạc đạn,medium,2,yes
6a0eca80-3df8-449a-a83a-e1fbb8943b1a,PT-1764425229580,Phót đùm 21x32,Hàng Công Ty,Động cơ - Ron - Phớt - Bạc đạn,medium,7,yes
813c98db-d289-4b08-91d0-bddd78d181ce,PT-1764425331523,Phót đùm 21x37,Hàng Công Ty,Động cơ - Ron - Phớt - Bạc đạn,medium,9,yes
d5ce530f-fb4c-4d44-acf0-97b9261aedb1,PT-1764425035473,Phót mâm 28,Hàng Công Ty,Động cơ - Ron - Phớt - Bạc đạn,medium,18,yes
6082f04c-ff95-4a0f-8be0-85a74445dc8b,PT-1764425085294,Phót mâm 30,Hàng Công Ty,Động cơ - Ron - Phớt - Bạc đạn,medium,28,yes
d0347a27-8088-454d-a224-61877f08ed3f,PT-1764424882855,Phót mâm 42,Hàng Công Ty,Động cơ - Ron - Phớt - Bạc đạn,medium,8,yes
9da7201b-1694-4089-9f53-ab7f12702cf7,PT-1766987667696,Phót nhông 17x29x5,Hàng Công Ty,Truyền động - Nồi - Dây curoa,high,14,yes
5ca61b4e-4fa3-4abc-a2c6-51485557edb4,PT-1764424830538,Phót nhông 17x30x7x2,Hàng Công Ty,Truyền động - Nồi - Dây curoa,high,4,yes
2e088a01-1bdd-459a-8914-60f9a22cf683,PT-1764425135140,Phót phuộc dưới,Hàng Công Ty,Động cơ - Ron - Phớt - Bạc đạn,medium,3,yes
912eae9d-25c7-43d5-84fb-f6ffa908d611,PT-1777453430629,Phớt phuộc trước indo,Hàng Công Ty,Động cơ - Ron - Phớt - Bạc đạn,medium,18,yes
cd1ba394-4535-4853-abb1-eadb427e3015,72148-S04-000,Pin Cr2032,Honda,Điện - Đèn - Còi,high,40,yes
fe8fb176-e186-4910-8273-f54f4864071b,SP-1766817473470,Pun tu,Hàng Công Ty,Khác - Cần rà soát,low,40,yes
94b5d78c-7f87-4492-ab95-93ff9e050629,PT-1764407180367,Pun tu râu,Hàng Công Ty,Khác - Cần rà soát,low,8,yes
f1669aef-abbb-4278-89bc-1129a7cc749f,PT-1764482945842,Rexoil 4T Synthertic Blend 10W40 - 1Lit,Nhớt,Dầu nhớt - Dung dịch,high,125,yes
93e21c9b-6b8e-4570-a37d-ae6c2b847a16,PT-1766829906159,Rexoil Racing 10W40  API SP - 1lit,Nhớt,Dầu nhớt - Dung dịch,high,28,yes
89cbdcef-9fbd-4b3c-8a46-5501e554b0fd,PT-1764418698870,Rờ le tròn,Hàng Công Ty,Điện - Đèn - Còi,high,10,yes
b2cbba02-863b-414a-af75-24740238922f,PT-1764418600153,Rờ le vuông,Hàng Công Ty,Điện - Đèn - Còi,high,9,yes
84f868bd-b998-456a-a672-1ff181217a76,PT-1766724474175,Rổ nhựa có nắp xe điện,Hàng Công Ty,Nhựa - Dàn áo - Tem,medium,0,yes
a4084282-101c-4e29-89ce-f83faf1ec310,PT-1764475698265,Rổ sắt có nắp nhỏ xe điện,Phụ tùng xe điện,Nhựa - Dàn áo - Tem,medium,0,yes
818c6179-a7b8-40bf-8f9d-b07965f47251,PT-1766724442381,Rổ sắt có nắp xe điện,Hàng Công Ty,Nhựa - Dàn áo - Tem,medium,0,yes
c373b788-387f-422a-9be8-e616793a7256,PT-1765951439121,Rổ sắt không nắp xe điện,Phụ tùng xe điện,Nhựa - Dàn áo - Tem,medium,4,yes
01b1476d-4d05-4523-b821-5264cdd3fbc9,38501-KWY-A31,Rơle khởi động,Honda,Điện - Đèn - Còi,high,1,yes
ab782780-5664-4f46-8b6e-5fccf02ad201,PT-1764413094891,Ron nắp bình xăng lớn,Hàng Công Ty,Nhiên liệu - Bình xăng - Bơm xăng,medium,10,yes
882a2f4b-b5df-4176-8c96-67c9a689cfa5,5C6-E44510-000,Ruột lọc gió,Yamaha,Lọc gió - Lọc nhớt - Lọc xăng,high,1,yes
4397ea0a-beb9-4a60-acb2-4c1cb488a005,PT-1764403572068,Ruột xe điện 12x2.50,Phụ tùng xe điện,Lốp - Săm - Ruột,high,8,yes
12a687d5-bba2-4e17-a52a-dad5e643fa32,PT-1764403523057,Ruột xe điện 14x2.50,Phụ tùng xe điện,Lốp - Săm - Ruột,high,6,yes
bb0a5a27-aa1f-4b2b-9508-05478f59ed7a,PT-1764664487990,Ruột xe điện 16x2.50,Phụ tùng xe điện,Lốp - Săm - Ruột,high,3,yes
d371789c-5c00-4fa5-8684-7776190b941b,PT-1767773982947,Ruột xe điện 16x2.50 Kenda,Kenda,Lốp - Săm - Ruột,high,7,yes
126e3975-c43d-4ac9-9183-0adb33bdbe68,PT-1766722129859,Ruột xe điện 16x2.50 SRC,Hàng Công Ty,Lốp - Săm - Ruột,high,3,yes
9a09a7a2-6948-4bba-9dd9-9c055ef31b71,PT-1764403645284,Ruột xe điện 16x3.0,Phụ tùng xe điện,Lốp - Săm - Ruột,high,16,yes
a64ec762-8612-4f8f-a436-25bac1e60b8d,PT-1764403910433,Ruột xe điện 18x2.125,Phụ tùng xe điện,Lốp - Săm - Ruột,high,1,yes
b0ed42d8-05d6-45af-b6db-6e9bcd92bedc,PT-1764403870234,Ruột xe điện 18x2.50,Phụ tùng xe điện,Lốp - Săm - Ruột,high,8,yes
a3c8e567-bec0-4d16-b203-bba36232f61c,PT-1767773892483,Ruột xe điện 18x2.50 Kenda,Kenda,Lốp - Săm - Ruột,high,19,yes
ad7ffb6a-45aa-47be-a8f4-0d856e720647,PT-1764404007316,Ruột xe điện 22x1.75,Phụ tùng xe điện,Lốp - Săm - Ruột,high,1,yes
eb2490ad-bca2-41be-9717-c278c75f4ed5,PT-1764404235714,Ruột xe điện 24x1 3/8,Phụ tùng xe điện,Lốp - Săm - Ruột,high,1,yes
71f618ed-48fc-419b-bb76-a28cc91c35f8,PT-1764404139231,Ruột xe điện 26x1 3/8,Phụ tùng xe điện,Lốp - Săm - Ruột,high,7,yes
a92eea91-4617-4551-bd97-b89c55ca4540,PT-1764404262915,Ruột xe điện 27x1 3/8,Phụ tùng xe điện,Lốp - Săm - Ruột,high,3,yes
60dc0da7-60df-4a07-b6ec-dff82c70162c,PT-1764403806358,Ruột xe điện 300/350-10,Phụ tùng xe điện,Lốp - Săm - Ruột,high,4,yes
4cf78ed3-8d65-420e-af23-5cea54a7c08a,PT-1764414768375,Sạc ắc quy 24v,Phụ tùng xe điện,Điện - Đèn - Còi,high,0,yes
93461966-0480-4fe1-89a7-f8c00f02a4ce,PT-1764414570329,Sạc ắc quy 48v,Phụ tùng xe điện,Điện - Đèn - Còi,high,4,yes
9bdd4c82-4328-4b05-a82d-0820e86232a7,PT-1764414643138,Sạc ắc quy 60V20Ah,Phụ tùng xe điện,Điện - Đèn - Còi,high,4,yes
1c291153-2480-426a-b83c-3b6cab2e19f9,PT-1765436846752,Sạc pin 24v3a,Hàng Công Ty,Điện - Đèn - Còi,high,0,yes
1fb6297a-7aa1-4f09-bb76-8a546bcd0db1,PT-1764559758811,"Sạc pin 48V3A - 54,4V",Phụ tùng xe điện,Điện - Đèn - Còi,high,1,yes
1a2026f1-b203-4bf0-a59c-7d9c2db302eb,PT-1764399199316,Săm sau xe máy 2.75-17,Casumina,Lốp - Săm - Ruột,high,1,yes
05d9d310-4f13-4232-a065-a7259953ca48,PT-1764399041950,Săm sau xe máy 90/90-17,IRC Tire,Lốp - Săm - Ruột,high,7,yes
93ff8964-7a88-4824-a506-efc9e8bfc36f,PT-1764399150671,Săm trước xe máy 2.50-17,Casumina,Lốp - Săm - Ruột,high,18,yes
1ff742aa-16a9-4da0-a2ec-ca89db28d113,PT-1764398911769,Săm trước xe máy 80/90-17,IRC Tire,Lốp - Săm - Ruột,high,16,yes
4dbfaad6-5c3e-4f0c-b37a-e5c55be411d5,PT-1764399385296,Săm xe máy 3.50/4.00-8,Casumina,Lốp - Săm - Ruột,high,1,yes
555c0731-857a-455c-819e-a406aa63113c,PT-1764399472784,Săm xe máy 70-80/90-14,Casumina,Lốp - Săm - Ruột,high,3,yes
8448047e-e1d1-4012-88ee-99fd772952cf,PT-1764399541665,Săm xe máy 70-80/90-16,Casumina,Lốp - Săm - Ruột,high,6,yes
0aa6f70d-d028-4aaf-9292-44fa2413f4f9,PT-1764399506081,Săm xe máy 90/90-14,Casumina,Lốp - Săm - Ruột,high,0,yes
d63a16b4-cff8-4190-87f6-71efe864bd31,PT-1764474432722,Sàn để chân xe điện,Phụ tùng xe điện,Nhựa - Dàn áo - Tem,medium,2,yes
56c9ced8-433f-4a00-9938-f2b3c61db775,12760-20G01V000,Sên cam,Suzuki,Truyền động - Nồi - Dây curoa,high,1,yes
82100fbc-ca11-4287-a51a-75b92394481e,PT-1764407866298,Sên cam 84 mắt - DID,Hàng Công Ty,Truyền động - Nồi - Dây curoa,high,3,yes
cdafa5f4-e7cf-4a59-98b4-da50e0490523,PT-1764415520719,Sên xe đạp,Phụ tùng xe điện,Truyền động - Nồi - Dây curoa,high,1,yes
f96a37fb-c9eb-4444-9103-18961638f2c5,PT-1764407227479,Stop chân,Hàng Công Ty,Điện - Đèn - Còi,high,9,yes
132da4cf-9fea-4e2f-8ddb-93bfeec1c387,PT-1764422533085,Stop nhựa,Hàng Công Ty,Điện - Đèn - Còi,high,1,yes
ea897907-0b69-4e05-9ad2-bf483a059dd1,SP-1767838031668,Tấm chặn bi (K0J),Hàng Công Ty,Truyền động - Nồi - Dây curoa,high,2,yes
019ff0e0-b423-4610-af84-5460b0ba8970,PT-1764413843556,Tấm Inox đậy bô e Cup,Hàng Công Ty,Nhựa - Dàn áo - Tem,medium,2,yes
f9e9a21d-9ffe-42be-8f8b-f2eca2d7c4c8,17210-K0R-V00,Tấm lọc khí,Honda,Lọc gió - Lọc nhớt - Lọc xăng,high,0,yes
f0bfc0db-6a0e-4048-9463-cb76a990a89b,17210-K29-900,Tấm lọc khí,Honda,Lọc gió - Lọc nhớt - Lọc xăng,high,2,yes
38891dc9-3c1b-4615-ab7d-8afab411270a,17210-KWW-B20,Tấm lọc khí,Honda,Lọc gió - Lọc nhớt - Lọc xăng,high,7,yes
d1dd6ccb-4242-4799-aaae-ff79d018d9ab,17210-K2C-V00,Tấm lọc khí,Honda,Lọc gió - Lọc nhớt - Lọc xăng,high,10,yes
bf4ed6a0-d6b3-41c8-b818-39ac2ed9e008,17210-K77-V00,Tấm lọc khí,Honda,Lọc gió - Lọc nhớt - Lọc xăng,high,4,yes
58ff08d0-ff63-4cd9-b2cc-cc0613baa5f1,17210-K56-V00,Tấm lọc khí,Honda,Lọc gió - Lọc nhớt - Lọc xăng,high,1,yes
2df2ecb2-84db-427a-94a2-fb751d646ceb,17210-KPH-900,Tấm lọc khí,Honda,Lọc gió - Lọc nhớt - Lọc xăng,high,3,yes
e04ccf86-bf78-4877-933b-ff55a34c439c,17210-KVG-V20,Tấm lọc khí,Honda,Lọc gió - Lọc nhớt - Lọc xăng,high,1,yes
781a1c3b-403a-4cd6-a280-4b99f5625fe5,17210-K44-V00,Tấm lọc khí,Honda,Lọc gió - Lọc nhớt - Lọc xăng,high,4,yes
288db2f6-5a3d-4bdc-b7c0-f1b342f6025e,17210-KYZ-V00,Tấm lọc khí,Honda,Lọc gió - Lọc nhớt - Lọc xăng,high,3,yes
63596dc9-bfdb-4b40-88ff-c36ef8940965,17210-K73-V40,Tấm lọc khí,Honda,Lọc gió - Lọc nhớt - Lọc xăng,high,9,yes
deb6578d-2f28-4452-9fd2-423d9b075fa9,17210-K03-M50,Tấm lọc khí,Honda,Lọc gió - Lọc nhớt - Lọc xăng,high,3,yes
dd71f473-ff67-4160-b256-adbb15613ce6,17210-K2Z-V00,Tấm lọc khí,Honda,Lọc gió - Lọc nhớt - Lọc xăng,high,2,yes
c19bd72f-537f-459d-a5b6-3a9d652e104f,17210-K1N-V00,Tấm lọc khí,Honda,Lọc gió - Lọc nhớt - Lọc xăng,high,8,yes
f5277dcf-256b-4dbb-b47b-119d8b708849,17205-GN5-900,Tấm lọc khí,Honda,Lọc gió - Lọc nhớt - Lọc xăng,high,8,yes
c1df36c9-5566-4385-a2e8-178d55a90749,33741-KAN-961,Tấm phản quang phải,Honda,Nhựa - Dàn áo - Tem,medium,0,yes
6f59736a-aa21-4553-a3a0-ab5f93b37c9e,PT-1764402374325,Tán buly 39,Hàng Công Ty,Truyền động - Nồi - Dây curoa,high,15,yes
0d87abc9-7fb8-4754-b60d-0fab05140ac5,55P-H3912-1000,Tay côn,Yamaha,Tay lái - Gương - Khóa - Dây điều khiển,high,0,yes
c3f7f51c-4573-4f6b-8ae3-45015b809a31,53166-KWW-620,Tay ga,Honda,Tay lái - Gương - Khóa - Dây điều khiển,high,5,yes
7c41b18d-2932-4397-82cb-925a392e5fa9,53140-KPH-970,Tay ga,Honda,Tay lái - Gương - Khóa - Dây điều khiển,high,9,yes
57fcfbd2-2b55-42ce-ac8e-60bfd7f2883b,53140-K44-V00,Tay nắm bên phải,Honda,Tay lái - Gương - Khóa - Dây điều khiển,high,1,yes
e8e7167a-a1f0-4670-938b-4d925746a6a2,53166-KFL-D20,Tay nắm bên trái,Honda,Tay lái - Gương - Khóa - Dây điều khiển,high,10,yes
870184fe-673e-4827-8c49-08e863216d89,53166-KWB-600,Tay nắm bên trái,Honda,Tay lái - Gương - Khóa - Dây điều khiển,high,4,yes
514b0e14-74a8-439c-bf3d-dc42aa4a03ec,53140-K03-N30,Tay nắm ống ga,Honda,Tay lái - Gương - Khóa - Dây điều khiển,high,2,yes
0675cf8c-680c-4961-a16f-68549cd06208,2ND-H3922-0000,Tay phanh,Yamaha,Phanh - Thắng,high,0,yes
b8f1962e-b518-4e74-b984-d1f389a6caca,53175-KVB-921,tay phanh bên phải,Honda,Phanh - Thắng,high,2,yes
89dd5799-6b95-4183-8ff2-73e794bfb8ef,53175-KRS-T80,Tay phanh bên phải,Honda,Phanh - Thắng,high,6,yes
645049c7-da1b-443c-a539-d173b56f15f2,53175-KWW-B20,Tay phanh bên phải,Honda,Phanh - Thắng,high,2,yes
7492bfc5-8fd1-4bb9-ab7f-23f0fc083c75,53178-KVB-920,Tay phanh bên trái,Honda,Phanh - Thắng,high,3,yes
e1da89f4-bb8e-4a0d-825b-f85529231a4a,PT-1766031713935,Tem hộp bình chữ T,Phụ tùng xe điện,Nhựa - Dàn áo - Tem,medium,2,yes
1e803706-aa59-443f-bcb2-fb25d8b1eda3,14550-GB0-911,Thanh căng xích cam,Honda,Truyền động - Nồi - Dây curoa,high,5,yes
735f9761-cb9c-4832-aebe-a9f6ad671c14,50610-KYZ-900,Thanh để chân chính,Honda,Nhựa - Dàn áo - Tem,medium,1,yes
22e023a1-bb24-439d-a381-6db60bf95ca2,43451-KTL-690,Thanh kéo phanh sau,Honda,Phanh - Thắng,high,7,yes
9f58ccbb-33a6-425b-87c3-9736fc766373,43451-KRS-900,Thanh kéo phanh sau,Honda,Phanh - Thắng,high,0,yes
a2b0bc7c-15bc-4d8a-b609-8d2af9424c07,PT-1764419617051,Thớt đề nghịch,Hàng Công Ty,Khác - Cần rà soát,low,4,yes
b61aa4bc-4a6c-46c1-a7e3-d53eb0d4dd58,PT-1764419650901,Thớt đề thuận,Hàng Công Ty,Khác - Cần rà soát,low,5,yes
d1a7919e-9fbd-488f-8149-74d387660c60,15651-GN5-640,Thước thăm dầu,Honda,Động cơ - Ron - Phớt - Bạc đạn,medium,4,yes
f33ee8c7-d11d-4c1d-b9e8-d247da61fbdf,31600-KRS-971,Tiết chế chỉnh lưu,Honda,Điện - Đèn - Còi,high,3,yes
c4e5ad0f-dd26-4c34-940a-92ee048f9533,2ND-F5808-00,Tổng phanh dầu,Yamaha,Phanh - Thắng,high,1,yes
d7218019-cae7-4d68-ad42-a6159ca3b72d,PT-1764483051088,Total vàng 10W40 - 0.8Lit,Nhớt,Dầu nhớt - Dung dịch,high,0,yes
6fc3c31a-14a0-4314-b0e1-f35e8e235694,PT-1764483019117,Total vàng 10W40 - 1Lit,Nhớt,Dầu nhớt - Dung dịch,high,0,yes
336f85be-6b62-4510-8d1e-b4a6ac16ecc2,44301-KAN-T40,Trục bánh xe trước,Honda,Khung sườn - Phuộc - Chân chống,medium,4,yes
bdfdc8c7-88e0-4fe3-820e-84ef61c09586,PT-1764478216051,Ty ben đạp Exiter 135/150,Hàng Công Ty,Khác - Cần rà soát,low,0,yes
06c33225-69dd-401e-9809-6d54bcb435de,PT-1764414250080,Ty ben dầu C3,Hàng Công Ty,Khác - Cần rà soát,low,9,yes
12a283dd-1b60-4455-b2b1-da5f6772028b,PT-1764414266491,Ty ben dầu C5,Hàng Công Ty,Khác - Cần rà soát,low,1,yes
d102d33e-8127-4a59-920f-265e50efa6c6,PT-1764420704627,Ty thăm nhớt,Hàng Công Ty,Dầu nhớt - Dung dịch,high,11,yes
7d990ca6-9907-4f14-bce0-154584e04834,44753-KSB-901,Van bánh xe sau,Honda,Khung sườn - Phuộc - Chân chống,medium,2,yes
ec434f4b-c9df-4afe-a3d5-93acf8babc21,16970-KPH-902,Van khoá xăng tự động,Honda,Tay lái - Gương - Khóa - Dây điều khiển,high,0,yes
555126a5-995f-40f6-b500-72f506ad4891,PT-1764476713315,Vè sau Sonsu,Phụ tùng xe điện,Xe điện,medium,1,yes
3b918564-b726-4f4b-ba2b-6988628979fb,PT-1764476938281,Vỏ 22x1.75,Phụ tùng xe điện,Lốp - Săm - Ruột,high,1,yes
59b421a4-ed26-4216-9f6d-ee681deb18de,PT-1764476894992,Vỏ 24x1 3/8,Phụ tùng xe điện,Lốp - Săm - Ruột,high,1,yes
07643ff8-3bff-40e1-b4ba-eb55ebc814f0,PT-1764477103860,Vỏ 26x1 1/4x 1 3/8,Phụ tùng xe điện,Lốp - Săm - Ruột,high,4,yes
4b8b10bf-7c29-4bb4-901c-886669c704bb,PT-1764477044808,Vỏ 26x1 3/8-590,Phụ tùng xe điện,Lốp - Săm - Ruột,high,3,yes
52b48b9c-28b9-4f81-95cf-cc5d8f5304aa,PT-1764476984756,Vỏ 27x1 3/8,Phụ tùng xe điện,Lốp - Săm - Ruột,high,1,yes
ea0a1f1a-ad61-4edc-acb4-3b330da25acd,PT-1764477453773,Vỏ có săm 16x2.50 - Mèo đen,Phụ tùng xe điện,Lốp - Săm - Ruột,high,0,yes
726fe8f4-d58f-4854-8993-d82c675ede42,PT-1764477502668,Vỏ có săm 16x2.50 - SRC,Phụ tùng xe điện,Lốp - Săm - Ruột,high,4,yes
a4535af9-c656-47e9-95eb-d581eda6567a,PT-1764477577540,Vỏ có săm 18x2.50 - SRC,Phụ tùng xe điện,Lốp - Săm - Ruột,high,10,yes
06026189-907d-4e12-aaec-54ca4b3afe30,PT-1764477717604,Vỏ không săm 12x2.50,Phụ tùng xe điện,Lốp - Săm - Ruột,high,16,yes
c0e3bbe4-18c2-448b-93c6-b04ad9e12b41,PT-1764477671284,Vỏ không săm 14x2.50,Phụ tùng xe điện,Lốp - Săm - Ruột,high,3,yes
3405c87e-bef7-4c86-9f47-5ae8cde1581a,PT-1767774276319,Vỏ không săm 14x2.50 màu cam,Hàng Công Ty,Lốp - Săm - Ruột,high,3,yes
3358f999-8162-4304-831d-b8cc5eeee0ba,PT-1764477285070,Vỏ không săm 16x2.50,Phụ tùng xe điện,Lốp - Săm - Ruột,high,0,yes
a1e583ee-a579-4192-abf0-497c643fbf32,PT-1764477215744,Vỏ không săm 16x3.0,Phụ tùng xe điện,Lốp - Săm - Ruột,high,6,yes
1dd9a57e-0c7d-4654-9fea-8b175e48646d,PT-1764477629374,Vỏ không săm 3.00-10,Phụ tùng xe điện,Lốp - Săm - Ruột,high,2,yes
4d9c5864-4883-45d0-9b1d-bbc9a4c8c459,PT-1766816281412,Vỏ không săm 3.00-10 (Vạn Quang),Hàng Công Ty,Lốp - Săm - Ruột,high,3,yes
47fde1f0-6b33-4a48-a302-d76f9bff88b9,PT-1774311842006,Vỏ không săm 300-8,Hàng Công Ty,Lốp - Săm - Ruột,high,5,yes
c2a3b860-ef69-4d06-8069-35bdc32994a0,PT-1764398262671,Vỏ sau dùng săm gai RS 80/90-17,Casumina,Lốp - Săm - Ruột,high,4,yes
9f5e34f8-3c3e-4454-95b0-77ffd1854934,42753-K12-911,Vòi xe,Honda,Khung sườn - Phuộc - Chân chống,medium,1,yes
77841727-a0d8-4cdf-b26f-d0085b0bae65,PT-1765953682460,Vòi xe điện 40,Phụ tùng xe điện,Khung sườn - Phuộc - Chân chống,medium,0,yes
1ae3e5b2-1076-4fb0-a8fb-dc5b496e08ec,PT-1766897799175,Vòi xe điện 50,Phụ tùng xe điện,Khung sườn - Phuộc - Chân chống,medium,96,yes
164353f0-cb81-43b4-9143-1fb5abeff86d,PT-1766829818956,Voltronic Evo Ga 10W40 - 0.8lit,Nhớt,Dầu nhớt - Dung dịch,high,130,yes
143d3efe-8db1-4de3-a5b1-ea534ae433bb,PT-1766829755725,Voltronic Evo Piagio 10W40 - 1.2lit,Nhớt,Dầu nhớt - Dung dịch,high,11,yes
70208c93-fe2a-4ca8-bd0f-ca2642778163,96100-600-1300,Vòng bi 6001,Honda,Động cơ - Ron - Phớt - Bạc đạn,medium,0,yes
133bf14c-b559-4b5b-83dd-219ca07ce0c7,PT-1764410405751,Vòng bi 6004,Hàng Công Ty,Động cơ - Ron - Phớt - Bạc đạn,medium,1,yes
1cf9a56a-41a0-4d3e-92d9-418564899195,PT-1772175044347,Vòng bi 6004 (BMA),Hàng Công Ty,Động cơ - Ron - Phớt - Bạc đạn,medium,20,yes
e01c6441-d3fd-4746-9f5c-3e306840c993,PT-1764410447577,Vòng bi 6200,Hàng Công Ty,Động cơ - Ron - Phớt - Bạc đạn,medium,4,yes
19e1dc36-be79-48d3-ac65-7e0de4f32410,PT-1764409800171,Vòng bi 6201,Hàng Công Ty,Động cơ - Ron - Phớt - Bạc đạn,medium,11,yes
b604636d-27d0-42f1-b5a8-194811885ee2,PT-1774599172764,Vòng bi 6201 - BMA,Hàng Công Ty,Động cơ - Ron - Phớt - Bạc đạn,medium,40,yes
357b7093-f83e-4660-baa8-0a8519bc9e9a,PT-1764409650548,Vòng bi 6201 - NSK,Hàng Công Ty,Động cơ - Ron - Phớt - Bạc đạn,medium,38,yes
b09cd649-7de1-47f9-a5a5-c5ea3b8209f8,96150-620-1010,Vòng bi 6201 (2 mặt chắn bụi),Honda,Động cơ - Ron - Phớt - Bạc đạn,medium,0,yes
b7045dd2-445e-4c97-ad73-ea0990fe3339,PT-1764410425782,Vòng bi 6202,Hàng Công Ty,Động cơ - Ron - Phớt - Bạc đạn,medium,0,yes
22099197-334e-43b4-8ead-2c11f4bb4fe3,PT-1772174966382,Vòng bi 6202 (Neo Thai),Hàng Công Ty,Động cơ - Ron - Phớt - Bạc đạn,medium,38,yes
b2d4abf6-e229-42c3-a553-e83ad42cefec,96140-620-3010,Vòng bi 6203,Honda,Động cơ - Ron - Phớt - Bạc đạn,medium,10,yes
c24703e8-77a6-4bac-ab9d-52155a895d35,PT-1764409777397,Vòng bi 6203,Hàng Công Ty,Động cơ - Ron - Phớt - Bạc đạn,medium,13,yes
3b1254b5-2288-4776-8dff-14bcee384209,PT-1764409673639,Vòng bi 6203 - NSK,Hàng Công Ty,Động cơ - Ron - Phớt - Bạc đạn,medium,34,yes
a087aeca-e602-4b46-80c6-370087a4f45d,PT-1764410330326,Vòng bi 6300,Hàng Công Ty,Động cơ - Ron - Phớt - Bạc đạn,medium,10,yes
f4baf33b-7abb-4134-894f-d454632b8994,PT-1764409501366,Vòng bi 6300 - NSK,Hàng Công Ty,Động cơ - Ron - Phớt - Bạc đạn,medium,18,yes
58ffba3b-ff83-4bb6-8302-9a38abd55b1f,PT-1764409837820,Vòng bi 6301,Hàng Công Ty,Động cơ - Ron - Phớt - Bạc đạn,medium,14,yes
00c5e4d4-61ad-42f8-b7ec-d09dee908113,PT-1764409627381,Vòng bi 6301 - NSK,Hàng Công Ty,Động cơ - Ron - Phớt - Bạc đạn,medium,24,yes
0325c346-3f3f-4443-8a96-3e57b7966b78,96140-630-1010,Vòng bi 6301 (1 mặt chắn bụi),Honda,Động cơ - Ron - Phớt - Bạc đạn,medium,6,yes
c5ba2f41-be82-4ca0-a04b-1a884775892b,91053-KWB-601,Vòng bi 6301U (china),Honda,Động cơ - Ron - Phớt - Bạc đạn,medium,30,yes
bcfaed91-344b-4421-92fc-b9ddb6da9613,91002-GA7-701,Vòng bi 6902U(China),Honda,Động cơ - Ron - Phớt - Bạc đạn,medium,3,yes
a10a8703-14f5-40bb-aa82-03b1f9b45983,91372-KPH-900SS,Vòng cao su nắp chỉnh xupap,Honda,Nhựa - Dàn áo - Tem,medium,12,yes
55dac55e-7017-428e-bcf4-8224ef698a58,93210-44889,Vòng đệm,Yamaha,Ốc vít - Cao su - Vật tư nhỏ,medium,1,yes
dd7e7ec2-f85e-4b57-b9aa-834bd0346edc,PT-1764422380017,Vòng sin nắp xuppắp Sirius,Hàng Công Ty,Nhựa - Dàn áo - Tem,medium,3,yes
28fdd598-1cc7-49b3-99d3-538655ecb6c3,PT-1764424852371,Vòng thun mâm lửa,Hàng Công Ty,Ốc vít - Cao su - Vật tư nhỏ,medium,7,yes
609826cb-344b-4cf2-a81e-74c4d96a4a7a,PT-1772780132283,Vòng thun nắp cò,Hàng Công Ty,Nhựa - Dàn áo - Tem,medium,10,yes
cbf8e88e-a223-4ba2-bfda-c71660151003,PT-1770716510887,Votronic Evo Moto (Số) 10w40 - 0.8ml,Nhớt,Dầu nhớt - Dung dịch,high,58,yes
d3f8d374-2048-4599-906e-7c96098e2822,14401-KFM-900,Xích cam 88 mắt,Honda,Truyền động - Nồi - Dây curoa,high,5,yes
667e7609-6cf5-4299-b3fb-02fc9fc430f1,14401-436-003,Xích cam 90 mắt,Honda,Truyền động - Nồi - Dây curoa,high,21,yes
e649dee8-bc73-48f0-a50d-3a322783e37a,28101-GB4-701,Xích khởi động,Honda,Truyền động - Nồi - Dây curoa,high,23,yes
6151b671-340f-4793-8f2a-89da31a185c6,45530-KVY-911,Xylanh phanh CBS,Honda,Phanh - Thắng,high,5,yes
cf24571c-f648-46bc-a2ae-35e1184f0c11,45530-471-831,Xylanh phanh chính,Honda,Phanh - Thắng,high,3,yes
12363193-3200-4c1d-9327-dfd73a9ce68c,PT-1764420559294,Yên sau xe điện,Phụ tùng xe điện,Xe điện,medium,1,yes
630992a5-63e4-4f90-a0b3-8297091477b0,PT-1764420618701,Yên trước xe điện,Phụ tùng xe điện,Xe điện,medium,5,yes